appointment_id,resident_id,scheduled_at,location,service_type,status
AP-70238,RS-4396,2026-03-02 09:00,Ash Hill,Employment support,Booked
AP-70514,RS-4585,2026-03-02 09:15,Calder Central,Evidence appointment,Booked
AP-70065,RS-4530,2026-03-02 09:30,Weybridge,Debt advice,Booked
AP-70477,RS-4263,2026-03-02 09:30,Northgate,Employment support,Booked
AP-70033,RS-4291,2026-03-02 09:45,Northgate,Housing options,Booked
AP-70054,RS-4121,2026-03-02 10:00,Calder Central,Housing options,Booked
AP-70153,RS-4092,2026-03-02 10:15,Weybridge,Health assessment,Booked
AP-70484,RS-4594,2026-03-02 10:15,Weybridge,Housing options,Booked
AP-70026,RS-4573,2026-03-02 10:30,Northgate,Housing options,Booked
AP-70679,RS-4099,2026-03-02 10:45,Calder Central,Employment support,Booked
AP-70139,RS-4534,2026-03-02 11:00,Ash Hill,Evidence appointment,Booked
AP-70183,RS-4573,2026-03-02 11:00,Ash Hill,Debt advice,Booked
AP-70102,RS-4189,2026-03-02 11:30,Calder Central,Housing options,Booked
AP-70381,RS-4123,2026-03-02 11:30,Ash Hill,Evidence appointment,Booked
AP-70010,RS-4134,2026-03-02 11:45,Ash Hill,Employment support,Booked
AP-70340,RS-4354,2026-03-02 11:45,Weybridge,Housing options,Booked
AP-70717,RS-4487,2026-03-02 11:45,Ash Hill,Health assessment,Booked
AP-70503,RS-4369,2026-03-02 13:15,Calder Central,Debt advice,Booked
AP-70574,RS-4610,2026-03-02 14:00,Calder Central,Debt advice,Booked
AP-70899,RS-4477,2026-03-02 14:00,Northgate,Debt advice,Booked
AP-70095,RS-4393,2026-03-02 14:30,Northgate,Benefits review,Booked
AP-70470,RS-4183,2026-03-02 14:30,Calder Central,Employment support,Booked
AP-70596,RS-4347,2026-03-02 14:30,Calder Central,Employment support,Booked
AP-70471,RS-4597,2026-03-02 14:45,Ash Hill,Evidence appointment,Booked
AP-70498,RS-4589,2026-03-02 14:45,Calder Central,Evidence appointment,Booked
AP-70389,RS-4385,2026-03-02 15:00,Weybridge,Health assessment,Booked
AP-70702,RS-4495,2026-03-02 15:00,Northgate,Employment support,Booked
AP-70123,RS-4383,2026-03-02 15:15,Calder Central,Employment support,Booked
AP-70763,RS-4367,2026-03-02 15:30,Northgate,Housing options,Booked
AP-70630,RS-4093,2026-03-02 16:15,Ash Hill,Debt advice,Booked
AP-70784,RS-4238,2026-03-02 16:15,Calder Central,Debt advice,Booked
AP-70799,RS-4194,2026-03-02 16:30,Ash Hill,Debt advice,Booked
AP-70211,RS-4384,2026-03-03 09:00,Calder Central,Health assessment,Booked
AP-70816,RS-4497,2026-03-03 09:00,Northgate,Debt advice,Booked
AP-70572,RS-4449,2026-03-03 09:15,Northgate,Health assessment,Booked
AP-70171,RS-4231,2026-03-03 09:30,Northgate,Health assessment,Booked
AP-70385,RS-4231,2026-03-03 09:30,Weybridge,Debt advice,Booked
AP-70322,RS-4039,2026-03-03 10:15,Weybridge,Benefits review,Booked
AP-70100,RS-4163,2026-03-03 10:45,Northgate,Employment support,Booked
AP-70224,RS-4581,2026-03-03 10:45,Calder Central,Housing options,Booked
AP-70267,RS-4528,2026-03-03 10:45,Calder Central,Employment support,Booked
AP-70635,RS-4001,2026-03-03 11:00,Northgate,Employment support,Booked
AP-70754,RS-4460,2026-03-03 11:15,Weybridge,Employment support,Booked
AP-70163,RS-4269,2026-03-03 11:45,Calder Central,Health assessment,Booked
AP-70295,RS-4141,2026-03-03 11:45,Northgate,Employment support,Booked
AP-70316,RS-4474,2026-03-03 11:45,Northgate,Debt advice,Booked
AP-70638,RS-4126,2026-03-03 13:30,Calder Central,Debt advice,Booked
AP-70746,RS-4086,2026-03-03 14:00,Northgate,Benefits review,Booked
AP-70138,RS-4000,2026-03-03 14:30,Ash Hill,Benefits review,Booked
AP-70464,RS-4437,2026-03-03 14:30,Northgate,Health assessment,Booked
AP-70684,RS-4095,2026-03-03 14:30,Weybridge,Evidence appointment,Booked
AP-70835,RS-4070,2026-03-03 14:30,Calder Central,Evidence appointment,Booked
AP-70085,RS-4248,2026-03-03 15:00,Calder Central,Benefits review,Booked
AP-70286,RS-4391,2026-03-03 15:00,Northgate,Employment support,Booked
AP-70718,RS-4009,2026-03-03 15:45,Calder Central,Evidence appointment,Booked
AP-70052,RS-4290,2026-03-03 16:00,Weybridge,Housing options,Booked
AP-70144,RS-4576,2026-03-03 16:00,Ash Hill,Debt advice,Booked
AP-70094,RS-4010,2026-03-03 16:45,Weybridge,Benefits review,Booked
AP-70736,RS-4095,2026-03-03 16:45,Calder Central,Housing options,Booked
AP-70125,RS-4056,2026-03-04 09:00,Ash Hill,Health assessment,Booked
AP-70024,RS-4349,2026-03-04 09:15,Calder Central,Housing options,Booked
AP-70230,RS-4430,2026-03-04 09:15,Ash Hill,Benefits review,Booked
AP-70041,RS-4185,2026-03-04 09:30,Ash Hill,Evidence appointment,Booked
AP-70343,RS-4421,2026-03-04 09:30,Northgate,Employment support,Booked
AP-70898,RS-4129,2026-03-04 09:30,Weybridge,Benefits review,Booked
AP-70903,RS-4463,2026-03-04 09:30,Northgate,Evidence appointment,Booked
AP-70662,RS-4254,2026-03-04 10:00,Northgate,Employment support,Booked
AP-70743,RS-4556,2026-03-04 10:00,Calder Central,Housing options,Booked
AP-70752,RS-4362,2026-03-04 10:00,Calder Central,Health assessment,Booked
AP-70332,RS-4245,2026-03-04 10:15,Weybridge,Debt advice,Booked
AP-70692,RS-4608,2026-03-04 10:45,Weybridge,Benefits review,Booked
AP-70382,RS-4362,2026-03-04 11:15,Ash Hill,Employment support,Booked
AP-70747,RS-4143,2026-03-04 11:15,Calder Central,Evidence appointment,Booked
AP-70811,RS-4249,2026-03-04 11:15,Ash Hill,Evidence appointment,Booked
AP-70669,RS-4611,2026-03-04 11:30,Ash Hill,Health assessment,Booked
AP-70766,RS-4176,2026-03-04 11:45,Weybridge,Evidence appointment,Booked
AP-70292,RS-4191,2026-03-04 13:15,Calder Central,Health assessment,Booked
AP-70527,RS-4133,2026-03-04 13:45,Ash Hill,Health assessment,Booked
AP-70282,RS-4131,2026-03-04 14:00,Calder Central,Evidence appointment,Booked
AP-70663,RS-4047,2026-03-04 14:15,Northgate,Debt advice,Booked
AP-70193,RS-4316,2026-03-04 14:30,Northgate,Employment support,Booked
AP-70312,RS-4100,2026-03-04 14:30,Northgate,Debt advice,Booked
AP-70446,RS-4419,2026-03-04 14:30,Northgate,Evidence appointment,Booked
AP-70469,RS-4424,2026-03-04 14:30,Ash Hill,Evidence appointment,Booked
AP-70494,RS-4300,2026-03-04 14:30,Ash Hill,Debt advice,Booked
AP-70712,RS-4592,2026-03-04 14:30,Calder Central,Housing options,Booked
AP-70289,RS-4459,2026-03-04 14:45,Weybridge,Health assessment,Booked
AP-70048,RS-4603,2026-03-04 15:00,Weybridge,Employment support,Booked
AP-70346,RS-4116,2026-03-04 15:00,Ash Hill,Debt advice,Booked
AP-70396,RS-4027,2026-03-04 15:30,Northgate,Evidence appointment,Booked
AP-70319,RS-4035,2026-03-04 15:45,Northgate,Debt advice,Booked
AP-70373,RS-4210,2026-03-04 15:45,Weybridge,Evidence appointment,Booked
AP-70518,RS-4437,2026-03-04 16:00,Ash Hill,Health assessment,Booked
AP-70067,RS-4464,2026-03-05 09:00,Northgate,Debt advice,Booked
AP-70306,RS-4514,2026-03-05 09:00,Northgate,Debt advice,Booked
AP-70257,RS-4149,2026-03-05 09:30,Calder Central,Evidence appointment,Booked
AP-70434,RS-4069,2026-03-05 10:00,Calder Central,Health assessment,Booked
AP-70536,RS-4616,2026-03-05 10:00,Northgate,Employment support,Booked
AP-70435,RS-4517,2026-03-05 10:30,Weybridge,Debt advice,Booked
AP-70042,RS-4251,2026-03-05 10:45,Weybridge,Employment support,Booked
AP-70821,RS-4367,2026-03-05 11:15,Calder Central,Health assessment,Booked
AP-70612,RS-4428,2026-03-05 11:30,Weybridge,Benefits review,Booked
AP-70618,RS-4310,2026-03-05 11:30,Ash Hill,Debt advice,Booked
AP-70252,RS-4518,2026-03-05 11:45,Weybridge,Evidence appointment,Booked
AP-70774,RS-4493,2026-03-05 11:45,Ash Hill,Employment support,Booked
AP-70569,RS-4140,2026-03-05 13:00,Weybridge,Debt advice,Booked
AP-70242,RS-4523,2026-03-05 13:30,Northgate,Evidence appointment,Booked
AP-70905,RS-4022,2026-03-05 13:45,Weybridge,Employment support,Booked
AP-70589,RS-4343,2026-03-05 14:00,Northgate,Housing options,Booked
AP-70601,RS-4496,2026-03-05 14:00,Ash Hill,Employment support,Booked
AP-70713,RS-4088,2026-03-05 14:30,Calder Central,Benefits review,Booked
AP-70915,RS-4034,2026-03-05 14:30,Ash Hill,Health assessment,Booked
AP-70932,RS-4018,2026-03-05 14:30,Calder Central,Employment support,Booked
AP-70652,RS-4442,2026-03-05 14:45,Calder Central,Health assessment,Booked
AP-70733,RS-4524,2026-03-05 15:15,Weybridge,Health assessment,Booked
AP-70673,RS-4441,2026-03-05 15:30,Northgate,Debt advice,Booked
AP-70689,RS-4153,2026-03-05 15:45,Ash Hill,Debt advice,Booked
AP-70824,RS-4453,2026-03-05 15:45,Calder Central,Employment support,Booked
AP-70930,RS-4466,2026-03-05 15:45,Northgate,Benefits review,Booked
AP-70264,RS-4065,2026-03-05 16:15,Weybridge,Benefits review,Booked
AP-70265,RS-4101,2026-03-05 16:15,Ash Hill,Health assessment,Booked
AP-70757,RS-4285,2026-03-05 16:30,Calder Central,Housing options,Booked
AP-70457,RS-4158,2026-03-05 16:45,Calder Central,Debt advice,Booked
AP-70226,RS-4605,2026-03-06 09:00,Weybridge,Evidence appointment,Booked
AP-70358,RS-4236,2026-03-06 09:00,Ash Hill,Housing options,Booked
AP-70661,RS-4069,2026-03-06 09:00,Weybridge,Debt advice,Booked
AP-70758,RS-4614,2026-03-06 09:15,Weybridge,Health assessment,Booked
AP-70372,RS-4369,2026-03-06 09:30,Calder Central,Health assessment,Booked
AP-70844,RS-4440,2026-03-06 09:30,Ash Hill,Housing options,Booked
AP-70297,RS-4468,2026-03-06 09:45,Northgate,Health assessment,Booked
AP-70670,RS-4176,2026-03-06 09:45,Weybridge,Employment support,Booked
AP-70624,RS-4044,2026-03-06 10:00,Weybridge,Health assessment,Booked
AP-70653,RS-4294,2026-03-06 10:00,Calder Central,Debt advice,Booked
AP-70678,RS-4171,2026-03-06 10:00,Northgate,Health assessment,Booked
AP-70114,RS-4240,2026-03-06 10:15,Ash Hill,Employment support,Booked
AP-70364,RS-4386,2026-03-06 10:15,Ash Hill,Housing options,Booked
AP-70043,RS-4560,2026-03-06 10:30,Weybridge,Employment support,Booked
AP-70871,RS-4603,2026-03-06 10:30,Weybridge,Evidence appointment,Booked
AP-70647,RS-4191,2026-03-06 10:45,Calder Central,Evidence appointment,Booked
AP-70789,RS-4500,2026-03-06 10:45,Ash Hill,Employment support,Booked
AP-70056,RS-4472,2026-03-06 11:00,Northgate,Benefits review,Booked
AP-70819,RS-4465,2026-03-06 11:00,Calder Central,Health assessment,Booked
AP-70355,RS-4480,2026-03-06 11:15,Northgate,Housing options,Booked
AP-70109,RS-4550,2026-03-06 11:30,Northgate,Health assessment,Booked
AP-70892,RS-4174,2026-03-06 11:45,Ash Hill,Health assessment,Booked
AP-70879,RS-4176,2026-03-06 13:15,Weybridge,Evidence appointment,Booked
AP-70141,RS-4595,2026-03-06 13:45,Ash Hill,Health assessment,Booked
AP-70516,RS-4619,2026-03-06 14:00,Calder Central,Employment support,Booked
AP-70595,RS-4541,2026-03-06 14:00,Northgate,Debt advice,Booked
AP-70315,RS-4530,2026-03-06 14:15,Ash Hill,Housing options,Booked
AP-70800,RS-4407,2026-03-06 14:15,Weybridge,Debt advice,Booked
AP-70515,RS-4554,2026-03-06 14:45,Calder Central,Benefits review,Booked
AP-70695,RS-4374,2026-03-06 14:45,Ash Hill,Debt advice,Booked
AP-70820,RS-4538,2026-03-06 14:45,Weybridge,Benefits review,Booked
AP-70135,RS-4350,2026-03-06 15:00,Ash Hill,Benefits review,Booked
AP-70148,RS-4150,2026-03-06 15:00,Calder Central,Housing options,Booked
AP-70587,RS-4068,2026-03-06 15:00,Northgate,Housing options,Booked
AP-70885,RS-4182,2026-03-06 15:00,Weybridge,Health assessment,Booked
AP-70730,RS-4592,2026-03-06 15:15,Northgate,Benefits review,Booked
AP-70894,RS-4314,2026-03-06 15:15,Weybridge,Benefits review,Booked
AP-70796,RS-4352,2026-03-06 15:45,Weybridge,Housing options,Booked
AP-70173,RS-4393,2026-03-06 16:00,Northgate,Evidence appointment,Booked
AP-70013,RS-4091,2026-03-09 09:15,Calder Central,Debt advice,Booked
AP-70817,RS-4504,2026-03-09 09:15,Ash Hill,Housing options,Booked
AP-70890,RS-4508,2026-03-09 09:15,Weybridge,Health assessment,Booked
AP-70030,RS-4366,2026-03-09 09:30,Weybridge,Employment support,Booked
AP-70344,RS-4224,2026-03-09 09:30,Ash Hill,Benefits review,Booked
AP-70671,RS-4289,2026-03-09 09:30,Calder Central,Evidence appointment,Booked
AP-70565,RS-4124,2026-03-09 09:45,Northgate,Health assessment,Booked
AP-70878,RS-4227,2026-03-09 09:45,Calder Central,Housing options,Booked
AP-70079,RS-4330,2026-03-09 10:00,Calder Central,Employment support,Booked
AP-70384,RS-4393,2026-03-09 10:00,Weybridge,Debt advice,Booked
AP-70523,RS-4352,2026-03-09 10:00,Weybridge,Health assessment,Booked
AP-70544,RS-4339,2026-03-09 10:00,Calder Central,Housing options,Booked
AP-70651,RS-4619,2026-03-09 10:00,Calder Central,Employment support,Booked
AP-70937,RS-4192,2026-03-09 10:00,Calder Central,Evidence appointment,Booked
AP-70073,RS-4264,2026-03-09 10:15,Weybridge,Employment support,Booked
AP-70559,RS-4531,2026-03-09 10:15,Calder Central,Debt advice,Booked
AP-70564,RS-4502,2026-03-09 10:15,Weybridge,Evidence appointment,Booked
AP-70369,RS-4076,2026-03-09 10:30,Calder Central,Benefits review,Booked
AP-70080,RS-4223,2026-03-09 10:45,Ash Hill,Housing options,Booked
AP-70867,RS-4440,2026-03-09 10:45,Calder Central,Evidence appointment,Booked
AP-70884,RS-4003,2026-03-09 10:45,Weybridge,Employment support,Booked
AP-70271,RS-4608,2026-03-09 11:00,Ash Hill,Employment support,Booked
AP-70357,RS-4533,2026-03-09 11:00,Weybridge,Health assessment,Booked
AP-70551,RS-4167,2026-03-09 11:00,Weybridge,Evidence appointment,Booked
AP-70775,RS-4076,2026-03-09 11:00,Calder Central,Debt advice,Booked
AP-70203,RS-4374,2026-03-09 11:15,Ash Hill,Housing options,Booked
AP-70280,RS-4320,2026-03-09 11:15,Weybridge,Evidence appointment,Booked
AP-70643,RS-4264,2026-03-09 11:15,Calder Central,Benefits review,Booked
AP-70920,RS-4069,2026-03-09 11:15,Calder Central,Benefits review,Booked
AP-70328,RS-4078,2026-03-09 11:30,Northgate,Benefits review,Booked
AP-70475,RS-4282,2026-03-09 11:30,Northgate,Employment support,Booked
AP-70676,RS-4107,2026-03-09 11:30,Ash Hill,Benefits review,Booked
AP-70748,RS-4328,2026-03-09 11:30,Weybridge,Housing options,Booked
AP-70866,RS-4348,2026-03-09 11:30,Calder Central,Benefits review,Booked
AP-70116,RS-4242,2026-03-09 11:45,Northgate,Health assessment,Booked
AP-70152,RS-4526,2026-03-09 11:45,Ash Hill,Employment support,Booked
AP-70454,RS-4371,2026-03-09 11:45,Weybridge,Housing options,Booked
AP-70928,RS-4137,2026-03-09 11:45,Ash Hill,Housing options,Booked
AP-70170,RS-4107,2026-03-09 13:00,Ash Hill,Health assessment,Booked
AP-70581,RS-4141,2026-03-09 13:15,Ash Hill,Health assessment,Booked
AP-70862,RS-4217,2026-03-09 13:15,Weybridge,Housing options,Booked
AP-70259,RS-4019,2026-03-09 13:30,Northgate,Debt advice,Booked
AP-70739,RS-4341,2026-03-09 13:45,Northgate,Employment support,Booked
AP-70115,RS-4322,2026-03-09 14:00,Calder Central,Benefits review,Booked
AP-70404,RS-4357,2026-03-09 14:00,Northgate,Housing options,Booked
AP-70465,RS-4295,2026-03-09 14:00,Weybridge,Housing options,Booked
AP-70162,RS-4289,2026-03-09 14:15,Weybridge,Benefits review,Booked
AP-70247,RS-4157,2026-03-09 14:15,Weybridge,Debt advice,Booked
AP-70801,RS-4152,2026-03-09 14:15,Calder Central,Employment support,Booked
AP-70491,RS-4480,2026-03-09 14:30,Northgate,Benefits review,Booked
AP-70602,RS-4365,2026-03-09 14:30,Weybridge,Benefits review,Booked
AP-70578,RS-4537,2026-03-09 14:45,Weybridge,Health assessment,Booked
AP-70836,RS-4471,2026-03-09 14:45,Weybridge,Housing options,Booked
AP-70852,RS-4569,2026-03-09 14:45,Ash Hill,Debt advice,Booked
AP-70099,RS-4218,2026-03-09 15:00,Northgate,Employment support,Booked
AP-70714,RS-4203,2026-03-09 15:00,Northgate,Housing options,Booked
AP-70222,RS-4301,2026-03-09 15:15,Northgate,Benefits review,Booked
AP-70225,RS-4244,2026-03-09 15:15,Weybridge,Health assessment,Booked
AP-70326,RS-4101,2026-03-09 15:15,Calder Central,Debt advice,Booked
AP-70506,RS-4037,2026-03-09 15:15,Weybridge,Health assessment,Booked
AP-70614,RS-4213,2026-03-09 15:15,Weybridge,Health assessment,Booked
AP-70493,RS-4064,2026-03-09 15:30,Calder Central,Health assessment,Booked
AP-70540,RS-4065,2026-03-09 15:30,Ash Hill,Employment support,Booked
AP-70843,RS-4159,2026-03-09 16:00,Ash Hill,Housing options,Booked
AP-70833,RS-4486,2026-03-09 16:15,Ash Hill,Benefits review,Booked
AP-70000,RS-4209,2026-03-09 16:30,Ash Hill,Evidence appointment,Booked
AP-70035,RS-4245,2026-03-09 16:30,Calder Central,Employment support,Booked
AP-70925,RS-4411,2026-03-09 16:30,Weybridge,Evidence appointment,Booked
AP-70015,RS-4454,2026-03-10 09:00,Ash Hill,Housing options,Booked
AP-70057,RS-4243,2026-03-10 09:00,Northgate,Health assessment,Booked
AP-70287,RS-4070,2026-03-10 09:00,Northgate,Debt advice,Booked
AP-70659,RS-4198,2026-03-10 09:00,Weybridge,Debt advice,Booked
AP-70157,RS-4285,2026-03-10 09:15,Calder Central,Employment support,Booked
AP-70300,RS-4088,2026-03-10 09:30,Northgate,Employment support,Booked
AP-70690,RS-4516,2026-03-10 09:45,Ash Hill,Health assessment,Booked
AP-70274,RS-4086,2026-03-10 10:00,Ash Hill,Debt advice,Booked
AP-70408,RS-4059,2026-03-10 10:00,Northgate,Housing options,Booked
AP-70764,RS-4305,2026-03-10 10:00,Weybridge,Housing options,Booked
AP-70904,RS-4501,2026-03-10 10:00,Weybridge,Benefits review,Booked
AP-70204,RS-4030,2026-03-10 10:15,Ash Hill,Evidence appointment,Booked
AP-70557,RS-4411,2026-03-10 10:15,Calder Central,Housing options,Booked
AP-70020,RS-4068,2026-03-10 10:30,Calder Central,Evidence appointment,Booked
AP-70168,RS-4457,2026-03-10 10:30,Calder Central,Debt advice,Booked
AP-70179,RS-4608,2026-03-10 10:30,Ash Hill,Debt advice,Booked
AP-70290,RS-4008,2026-03-10 10:30,Northgate,Debt advice,Booked
AP-70452,RS-4040,2026-03-10 10:30,Weybridge,Employment support,Booked
AP-70486,RS-4040,2026-03-10 10:30,Ash Hill,Housing options,Booked
AP-70680,RS-4118,2026-03-10 10:30,Northgate,Health assessment,Booked
AP-70806,RS-4007,2026-03-10 10:30,Calder Central,Debt advice,Booked
AP-70619,RS-4429,2026-03-10 10:45,Northgate,Benefits review,Booked
AP-70711,RS-4169,2026-03-10 10:45,Calder Central,Debt advice,Booked
AP-70251,RS-4412,2026-03-10 11:00,Ash Hill,Debt advice,Booked
AP-70604,RS-4303,2026-03-10 11:00,Northgate,Housing options,Booked
AP-70936,RS-4443,2026-03-10 11:00,Calder Central,Debt advice,Booked
AP-70685,RS-4416,2026-03-10 11:15,Weybridge,Evidence appointment,Booked
AP-70834,RS-4139,2026-03-10 11:30,Calder Central,Benefits review,Booked
AP-70285,RS-4141,2026-03-10 11:45,Ash Hill,Health assessment,Booked
AP-70797,RS-4345,2026-03-10 11:45,Weybridge,Evidence appointment,Booked
AP-70907,RS-4059,2026-03-10 11:45,Northgate,Debt advice,Booked
AP-70066,RS-4126,2026-03-10 13:00,Calder Central,Housing options,Booked
AP-70776,RS-4584,2026-03-10 13:00,Calder Central,Housing options,Booked
AP-70860,RS-4229,2026-03-10 13:00,Ash Hill,Debt advice,Booked
AP-70492,RS-4488,2026-03-10 13:15,Calder Central,Housing options,Booked
AP-70762,RS-4313,2026-03-10 13:15,Weybridge,Benefits review,Booked
AP-70590,RS-4400,2026-03-10 13:30,Ash Hill,Health assessment,Booked
AP-70674,RS-4532,2026-03-10 13:30,Northgate,Evidence appointment,Booked
AP-70303,RS-4129,2026-03-10 13:45,Ash Hill,Evidence appointment,Booked
AP-70405,RS-4325,2026-03-10 13:45,Weybridge,Benefits review,Booked
AP-70740,RS-4295,2026-03-10 13:45,Weybridge,Evidence appointment,Booked
AP-70197,RS-4448,2026-03-10 14:00,Ash Hill,Benefits review,Booked
AP-70501,RS-4309,2026-03-10 14:00,Calder Central,Housing options,Booked
AP-70509,RS-4245,2026-03-10 14:00,Northgate,Health assessment,Booked
AP-70889,RS-4124,2026-03-10 14:00,Weybridge,Employment support,Booked
AP-70807,RS-4519,2026-03-10 14:15,Northgate,Employment support,Booked
AP-70412,RS-4056,2026-03-10 14:30,Northgate,Health assessment,Booked
AP-70489,RS-4460,2026-03-10 14:30,Ash Hill,Housing options,Booked
AP-70608,RS-4035,2026-03-10 14:30,Weybridge,Benefits review,Booked
AP-70666,RS-4323,2026-03-10 14:30,Weybridge,Health assessment,Booked
AP-70770,RS-4559,2026-03-10 14:30,Calder Central,Debt advice,Booked
AP-70406,RS-4354,2026-03-10 14:45,Ash Hill,Evidence appointment,Booked
AP-70683,RS-4343,2026-03-10 14:45,Northgate,Benefits review,Booked
AP-70064,RS-4196,2026-03-10 15:00,Calder Central,Housing options,Booked
AP-70433,RS-4233,2026-03-10 15:00,Northgate,Debt advice,Booked
AP-70348,RS-4521,2026-03-10 15:15,Calder Central,Benefits review,Booked
AP-70425,RS-4242,2026-03-10 15:30,Calder Central,Evidence appointment,Booked
AP-70276,RS-4570,2026-03-10 15:45,Ash Hill,Debt advice,Booked
AP-70468,RS-4559,2026-03-10 15:45,Weybridge,Employment support,Booked
AP-70593,RS-4198,2026-03-10 15:45,Ash Hill,Housing options,Booked
AP-70693,RS-4300,2026-03-10 15:45,Northgate,Employment support,Booked
AP-70517,RS-4315,2026-03-10 16:15,Weybridge,Employment support,Booked
AP-70268,RS-4409,2026-03-10 16:30,Calder Central,Debt advice,Booked
AP-70534,RS-4003,2026-03-10 16:30,Northgate,Evidence appointment,Booked
AP-70629,RS-4004,2026-03-10 16:30,Northgate,Housing options,Booked
AP-70416,RS-4335,2026-03-10 16:45,Calder Central,Evidence appointment,Booked
AP-70580,RS-4128,2026-03-10 16:45,Northgate,Evidence appointment,Booked
AP-70176,RS-4024,2026-03-11 09:00,Northgate,Evidence appointment,Booked
AP-70606,RS-4548,2026-03-11 09:00,Northgate,Evidence appointment,Booked
AP-70002,RS-4507,2026-03-11 09:15,Weybridge,Debt advice,Booked
AP-70090,RS-4227,2026-03-11 10:00,Weybridge,Employment support,Booked
AP-70575,RS-4187,2026-03-11 10:00,Northgate,Employment support,Booked
AP-70278,RS-4569,2026-03-11 10:15,Calder Central,Debt advice,Booked
AP-70887,RS-4224,2026-03-11 10:30,Ash Hill,Housing options,Booked
AP-70212,RS-4098,2026-03-11 10:45,Ash Hill,Evidence appointment,Booked
AP-70450,RS-4227,2026-03-11 10:45,Weybridge,Housing options,Booked
AP-70533,RS-4535,2026-03-11 10:45,Calder Central,Evidence appointment,Booked
AP-70279,RS-4487,2026-03-11 11:00,Weybridge,Housing options,Booked
AP-70262,RS-4510,2026-03-11 11:30,Weybridge,Evidence appointment,Booked
AP-70497,RS-4377,2026-03-11 11:30,Northgate,Housing options,Booked
AP-70767,RS-4287,2026-03-11 11:30,Weybridge,Debt advice,Booked
AP-70367,RS-4077,2026-03-11 11:45,Calder Central,Housing options,Booked
AP-70815,RS-4004,2026-03-11 13:45,Weybridge,Employment support,Booked
AP-70350,RS-4217,2026-03-11 14:15,Ash Hill,Employment support,Booked
AP-70460,RS-4394,2026-03-11 14:15,Weybridge,Employment support,Booked
AP-70301,RS-4410,2026-03-11 14:30,Northgate,Benefits review,Booked
AP-70075,RS-4086,2026-03-11 14:45,Northgate,Benefits review,Booked
AP-70124,RS-4450,2026-03-11 14:45,Ash Hill,Evidence appointment,Booked
AP-70184,RS-4051,2026-03-11 14:45,Ash Hill,Benefits review,Booked
AP-70106,RS-4099,2026-03-11 15:00,Weybridge,Health assessment,Booked
AP-70705,RS-4466,2026-03-11 15:00,Weybridge,Debt advice,Booked
AP-70703,RS-4151,2026-03-11 15:15,Ash Hill,Evidence appointment,Booked
AP-70097,RS-4513,2026-03-11 16:30,Ash Hill,Employment support,Booked
AP-70113,RS-4043,2026-03-11 16:45,Northgate,Health assessment,Booked
AP-70611,RS-4618,2026-03-11 16:45,Weybridge,Evidence appointment,Booked
AP-70900,RS-4323,2026-03-11 16:45,Ash Hill,Debt advice,Booked
AP-70103,RS-4396,2026-03-12 09:00,Ash Hill,Debt advice,Booked
AP-70200,RS-4472,2026-03-12 09:00,Calder Central,Debt advice,Booked
AP-70380,RS-4206,2026-03-12 09:00,Ash Hill,Benefits review,Booked
AP-70877,RS-4082,2026-03-12 09:00,Weybridge,Benefits review,Booked
AP-70137,RS-4159,2026-03-12 10:00,Northgate,Evidence appointment,Booked
AP-70556,RS-4312,2026-03-12 10:00,Northgate,Employment support,Booked
AP-70701,RS-4186,2026-03-12 10:00,Calder Central,Employment support,Booked
AP-70864,RS-4405,2026-03-12 10:00,Weybridge,Employment support,Booked
AP-70068,RS-4449,2026-03-12 10:15,Calder Central,Housing options,Booked
AP-70101,RS-4201,2026-03-12 10:30,Weybridge,Health assessment,Booked
AP-70151,RS-4435,2026-03-12 10:45,Calder Central,Benefits review,Booked
AP-70508,RS-4519,2026-03-12 10:45,Weybridge,Health assessment,Booked
AP-70858,RS-4119,2026-03-12 10:45,Calder Central,Evidence appointment,Booked
AP-70221,RS-4069,2026-03-12 11:00,Calder Central,Benefits review,Booked
AP-70277,RS-4101,2026-03-12 11:00,Weybridge,Debt advice,Booked
AP-70719,RS-4229,2026-03-12 11:15,Calder Central,Benefits review,Booked
AP-70182,RS-4358,2026-03-12 11:30,Northgate,Evidence appointment,Booked
AP-70250,RS-4032,2026-03-12 11:30,Ash Hill,Evidence appointment,Booked
AP-70334,RS-4574,2026-03-12 11:30,Weybridge,Employment support,Booked
AP-70571,RS-4354,2026-03-12 11:45,Weybridge,Housing options,Booked
AP-70697,RS-4195,2026-03-12 11:45,Ash Hill,Debt advice,Booked
AP-70458,RS-4188,2026-03-12 13:00,Calder Central,Housing options,Booked
AP-70487,RS-4252,2026-03-12 13:15,Northgate,Evidence appointment,Booked
AP-70868,RS-4469,2026-03-12 13:15,Ash Hill,Housing options,Booked
AP-70522,RS-4056,2026-03-12 13:30,Weybridge,Health assessment,Booked
AP-70708,RS-4360,2026-03-12 13:45,Weybridge,Employment support,Booked
AP-70427,RS-4037,2026-03-12 14:00,Northgate,Housing options,Booked
AP-70089,RS-4465,2026-03-12 14:15,Northgate,Health assessment,Booked
AP-70411,RS-4313,2026-03-12 14:15,Ash Hill,Employment support,Booked
AP-70777,RS-4571,2026-03-12 14:15,Ash Hill,Evidence appointment,Booked
AP-70400,RS-4025,2026-03-12 14:30,Weybridge,Benefits review,Booked
AP-70507,RS-4617,2026-03-12 14:30,Northgate,Debt advice,Booked
AP-70029,RS-4439,2026-03-12 14:45,Calder Central,Benefits review,Booked
AP-70391,RS-4386,2026-03-12 14:45,Weybridge,Debt advice,Booked
AP-70283,RS-4190,2026-03-12 15:00,Ash Hill,Housing options,Booked
AP-70324,RS-4305,2026-03-12 15:00,Ash Hill,Employment support,Booked
AP-70337,RS-4308,2026-03-12 15:00,Ash Hill,Housing options,Booked
AP-70914,RS-4422,2026-03-12 15:15,Weybridge,Debt advice,Booked
AP-70063,RS-4486,2026-03-12 15:30,Weybridge,Benefits review,Booked
AP-70567,RS-4581,2026-03-12 15:30,Weybridge,Employment support,Booked
AP-70732,RS-4269,2026-03-12 15:30,Calder Central,Benefits review,Booked
AP-70912,RS-4165,2026-03-12 15:30,Ash Hill,Benefits review,Booked
AP-70738,RS-4474,2026-03-12 15:45,Calder Central,Employment support,Booked
AP-70803,RS-4511,2026-03-12 16:00,Northgate,Employment support,Booked
AP-70660,RS-4245,2026-03-12 16:30,Calder Central,Health assessment,Booked
AP-70828,RS-4308,2026-03-12 16:30,Calder Central,Employment support,Booked
AP-70019,RS-4114,2026-03-12 16:45,Weybridge,Health assessment,Booked
AP-70266,RS-4016,2026-03-13 09:15,Weybridge,Health assessment,Booked
AP-70472,RS-4591,2026-03-13 09:15,Calder Central,Housing options,Booked
AP-70134,RS-4163,2026-03-13 09:30,Calder Central,Debt advice,Booked
AP-70150,RS-4471,2026-03-13 10:00,Calder Central,Health assessment,Booked
AP-70779,RS-4026,2026-03-13 10:15,Weybridge,Housing options,Booked
AP-70562,RS-4530,2026-03-13 10:30,Northgate,Employment support,Booked
AP-70656,RS-4053,2026-03-13 10:30,Weybridge,Employment support,Booked
AP-70091,RS-4171,2026-03-13 10:45,Calder Central,Debt advice,Booked
AP-70309,RS-4073,2026-03-13 11:00,Northgate,Housing options,Booked
AP-70895,RS-4436,2026-03-13 11:00,Weybridge,Benefits review,Booked
AP-70933,RS-4581,2026-03-13 11:00,Northgate,Employment support,Booked
AP-70243,RS-4232,2026-03-13 11:15,Weybridge,Debt advice,Booked
AP-70453,RS-4445,2026-03-13 11:30,Ash Hill,Benefits review,Booked
AP-70586,RS-4537,2026-03-13 11:30,Calder Central,Health assessment,Booked
AP-70016,RS-4484,2026-03-13 11:45,Ash Hill,Health assessment,Booked
AP-70394,RS-4253,2026-03-13 13:00,Ash Hill,Employment support,Booked
AP-70749,RS-4336,2026-03-13 13:00,Ash Hill,Health assessment,Booked
AP-70143,RS-4094,2026-03-13 13:30,Northgate,Benefits review,Booked
AP-70329,RS-4026,2026-03-13 13:30,Calder Central,Employment support,Booked
AP-70352,RS-4213,2026-03-13 13:30,Calder Central,Benefits review,Booked
AP-70260,RS-4590,2026-03-13 13:45,Ash Hill,Housing options,Booked
AP-70682,RS-4339,2026-03-13 13:45,Calder Central,Health assessment,Booked
AP-70413,RS-4050,2026-03-13 14:00,Weybridge,Evidence appointment,Booked
AP-70110,RS-4222,2026-03-13 14:15,Calder Central,Evidence appointment,Booked
AP-70296,RS-4398,2026-03-13 14:15,Calder Central,Evidence appointment,Booked
AP-70804,RS-4183,2026-03-13 14:15,Ash Hill,Evidence appointment,Booked
AP-70155,RS-4012,2026-03-13 14:30,Weybridge,Housing options,Booked
AP-70476,RS-4043,2026-03-13 14:30,Ash Hill,Debt advice,Booked
AP-70875,RS-4532,2026-03-13 14:30,Ash Hill,Housing options,Booked
AP-70040,RS-4393,2026-03-13 14:45,Weybridge,Evidence appointment,Booked
AP-70050,RS-4451,2026-03-13 14:45,Calder Central,Benefits review,Booked
AP-70524,RS-4324,2026-03-13 15:15,Northgate,Employment support,Booked
AP-70199,RS-4232,2026-03-13 15:30,Northgate,Health assessment,Booked
AP-70275,RS-4094,2026-03-13 15:30,Calder Central,Benefits review,Booked
AP-70456,RS-4316,2026-03-13 15:30,Ash Hill,Employment support,Booked
AP-70600,RS-4398,2026-03-13 15:30,Weybridge,Housing options,Booked
AP-70938,RS-4188,2026-03-13 15:30,Calder Central,Debt advice,Booked
AP-70314,RS-4281,2026-03-13 15:45,Calder Central,Evidence appointment,Booked
AP-70512,RS-4445,2026-03-13 15:45,Calder Central,Evidence appointment,Booked
AP-70206,RS-4090,2026-03-16 09:00,Northgate,Evidence appointment,Booked
AP-70838,RS-4046,2026-03-16 09:00,Ash Hill,Evidence appointment,Booked
AP-70037,RS-4054,2026-03-16 09:15,Calder Central,Health assessment,Booked
AP-70291,RS-4247,2026-03-16 09:15,Northgate,Evidence appointment,Booked
AP-70439,RS-4608,2026-03-16 09:15,Weybridge,Health assessment,Booked
AP-70918,RS-4565,2026-03-16 09:15,Ash Hill,Housing options,Booked
AP-70459,RS-4420,2026-03-16 09:30,Calder Central,Employment support,Booked
AP-70704,RS-4019,2026-03-16 09:30,Northgate,Evidence appointment,Booked
AP-70078,RS-4570,2026-03-16 09:45,Ash Hill,Employment support,Booked
AP-70195,RS-4384,2026-03-16 09:45,Northgate,Employment support,Booked
AP-70392,RS-4148,2026-03-16 09:45,Ash Hill,Employment support,Booked
AP-70826,RS-4443,2026-03-16 09:45,Northgate,Health assessment,Booked
AP-70531,RS-4065,2026-03-16 10:00,Ash Hill,Health assessment,Booked
AP-70542,RS-4555,2026-03-16 10:00,Northgate,Debt advice,Booked
AP-70837,RS-4448,2026-03-16 10:00,Ash Hill,Health assessment,Booked
AP-70208,RS-4339,2026-03-16 10:30,Calder Central,Benefits review,Booked
AP-70585,RS-4591,2026-03-16 10:30,Ash Hill,Housing options,Booked
AP-70893,RS-4221,2026-03-16 10:30,Weybridge,Evidence appointment,Booked
AP-70237,RS-4039,2026-03-16 10:45,Weybridge,Debt advice,Booked
AP-70519,RS-4551,2026-03-16 10:45,Weybridge,Debt advice,Booked
AP-70008,RS-4351,2026-03-16 11:00,Calder Central,Evidence appointment,Booked
AP-70062,RS-4015,2026-03-16 11:00,Northgate,Health assessment,Booked
AP-70339,RS-4111,2026-03-16 11:00,Calder Central,Health assessment,Booked
AP-70429,RS-4109,2026-03-16 11:00,Ash Hill,Benefits review,Booked
AP-70546,RS-4260,2026-03-16 11:00,Ash Hill,Evidence appointment,Booked
AP-70061,RS-4604,2026-03-16 11:15,Weybridge,Debt advice,Booked
AP-70365,RS-4225,2026-03-16 11:15,Calder Central,Housing options,Booked
AP-70537,RS-4502,2026-03-16 11:15,Ash Hill,Health assessment,Booked
AP-70623,RS-4457,2026-03-16 11:15,Northgate,Health assessment,Booked
AP-70814,RS-4487,2026-03-16 11:30,Ash Hill,Debt advice,Booked
AP-70483,RS-4589,2026-03-16 11:45,Calder Central,Evidence appointment,Booked
AP-70636,RS-4609,2026-03-16 11:45,Northgate,Employment support,Booked
AP-70934,RS-4242,2026-03-16 13:00,Calder Central,Evidence appointment,Booked
AP-70461,RS-4292,2026-03-16 13:15,Weybridge,Housing options,Booked
AP-70126,RS-4160,2026-03-16 13:30,Weybridge,Employment support,Booked
AP-70142,RS-4020,2026-03-16 14:00,Calder Central,Housing options,Booked
AP-70437,RS-4506,2026-03-16 14:00,Calder Central,Debt advice,Booked
AP-70552,RS-4163,2026-03-16 14:15,Ash Hill,Evidence appointment,Booked
AP-70902,RS-4287,2026-03-16 14:15,Weybridge,Debt advice,Booked
AP-70034,RS-4167,2026-03-16 14:30,Northgate,Debt advice,Booked
AP-70118,RS-4079,2026-03-16 14:30,Ash Hill,Evidence appointment,Booked
AP-70548,RS-4446,2026-03-16 14:30,Weybridge,Debt advice,Booked
AP-70722,RS-4054,2026-03-16 14:30,Ash Hill,Benefits review,Booked
AP-70490,RS-4614,2026-03-16 14:45,Ash Hill,Health assessment,Booked
AP-70502,RS-4530,2026-03-16 14:45,Calder Central,Benefits review,Booked
AP-70513,RS-4307,2026-03-16 14:45,Northgate,Benefits review,Booked
AP-70910,RS-4325,2026-03-16 14:45,Ash Hill,Health assessment,Booked
AP-70086,RS-4519,2026-03-16 15:00,Northgate,Housing options,Booked
AP-70161,RS-4100,2026-03-16 15:00,Northgate,Debt advice,Booked
AP-70164,RS-4329,2026-03-16 15:00,Northgate,Housing options,Booked
AP-70169,RS-4265,2026-03-16 15:00,Weybridge,Debt advice,Booked
AP-70870,RS-4244,2026-03-16 15:00,Calder Central,Evidence appointment,Booked
AP-70156,RS-4234,2026-03-16 15:15,Ash Hill,Employment support,Booked
AP-70023,RS-4138,2026-03-16 15:30,Ash Hill,Housing options,Booked
AP-70473,RS-4400,2026-03-16 15:30,Weybridge,Debt advice,Booked
AP-70327,RS-4429,2026-03-16 15:45,Calder Central,Employment support,Booked
AP-70583,RS-4215,2026-03-16 15:45,Northgate,Evidence appointment,Booked
AP-70734,RS-4298,2026-03-16 15:45,Calder Central,Benefits review,Booked
AP-70847,RS-4139,2026-03-16 15:45,Weybridge,Evidence appointment,Booked
AP-70320,RS-4013,2026-03-16 16:00,Ash Hill,Health assessment,Booked
AP-70723,RS-4287,2026-03-16 16:15,Calder Central,Housing options,Booked
AP-70430,RS-4406,2026-03-16 16:30,Northgate,Health assessment,Booked
AP-70845,RS-4573,2026-03-16 16:45,Northgate,Benefits review,Booked
AP-70744,RS-4252,2026-03-17 09:00,Calder Central,Benefits review,Booked
AP-70857,RS-4526,2026-03-17 09:00,Northgate,Evidence appointment,Booked
AP-70244,RS-4048,2026-03-17 09:15,Calder Central,Housing options,Booked
AP-70500,RS-4089,2026-03-17 09:15,Calder Central,Employment support,Booked
AP-70809,RS-4534,2026-03-17 09:15,Weybridge,Evidence appointment,Booked
AP-70927,RS-4401,2026-03-17 09:15,Calder Central,Benefits review,Booked
AP-70111,RS-4046,2026-03-17 09:30,Calder Central,Evidence appointment,Booked
AP-70813,RS-4099,2026-03-17 09:30,Northgate,Debt advice,Booked
AP-70185,RS-4415,2026-03-17 09:45,Calder Central,Employment support,Booked
AP-70189,RS-4457,2026-03-17 09:45,Calder Central,Evidence appointment,Booked
AP-70354,RS-4405,2026-03-17 09:45,Northgate,Employment support,Booked
AP-70686,RS-4161,2026-03-17 09:45,Northgate,Health assessment,Booked
AP-70699,RS-4156,2026-03-17 09:45,Weybridge,Employment support,Booked
AP-70359,RS-4118,2026-03-17 10:00,Ash Hill,Debt advice,Booked
AP-70378,RS-4470,2026-03-17 10:00,Northgate,Evidence appointment,Booked
AP-70641,RS-4215,2026-03-17 10:15,Calder Central,Evidence appointment,Booked
AP-70765,RS-4339,2026-03-17 10:15,Ash Hill,Employment support,Booked
AP-70831,RS-4142,2026-03-17 10:15,Northgate,Housing options,Booked
AP-70582,RS-4421,2026-03-17 10:30,Northgate,Benefits review,Booked
AP-70772,RS-4612,2026-03-17 10:30,Weybridge,Benefits review,Booked
AP-70009,RS-4193,2026-03-17 10:45,Ash Hill,Housing options,Booked
AP-70121,RS-4029,2026-03-17 10:45,Calder Central,Health assessment,Booked
AP-70466,RS-4618,2026-03-17 10:45,Ash Hill,Employment support,Booked
AP-70132,RS-4534,2026-03-17 11:00,Ash Hill,Employment support,Booked
AP-70207,RS-4612,2026-03-17 11:00,Ash Hill,Evidence appointment,Booked
AP-70217,RS-4258,2026-03-17 11:00,Calder Central,Debt advice,Booked
AP-70227,RS-4132,2026-03-17 11:00,Weybridge,Benefits review,Booked
AP-70632,RS-4492,2026-03-17 11:15,Calder Central,Housing options,Booked
AP-70213,RS-4371,2026-03-17 11:30,Calder Central,Evidence appointment,Booked
AP-70249,RS-4571,2026-03-17 11:30,Northgate,Debt advice,Booked
AP-70715,RS-4068,2026-03-17 11:30,Northgate,Housing options,Booked
AP-70209,RS-4456,2026-03-17 11:45,Calder Central,Housing options,Booked
AP-70455,RS-4249,2026-03-17 13:00,Weybridge,Benefits review,Booked
AP-70025,RS-4509,2026-03-17 13:30,Ash Hill,Debt advice,Booked
AP-70424,RS-4534,2026-03-17 13:30,Northgate,Debt advice,Booked
AP-70488,RS-4172,2026-03-17 13:30,Northgate,Benefits review,Booked
AP-70178,RS-4552,2026-03-17 13:45,Northgate,Benefits review,Booked
AP-70361,RS-4581,2026-03-17 13:45,Calder Central,Health assessment,Booked
AP-70145,RS-4154,2026-03-17 14:00,Weybridge,Benefits review,Booked
AP-70235,RS-4492,2026-03-17 14:00,Weybridge,Evidence appointment,Booked
AP-70421,RS-4616,2026-03-17 14:00,Northgate,Benefits review,Booked
AP-70750,RS-4439,2026-03-17 14:00,Northgate,Debt advice,Booked
AP-70205,RS-4117,2026-03-17 14:15,Northgate,Evidence appointment,Booked
AP-70622,RS-4063,2026-03-17 14:30,Northgate,Debt advice,Booked
AP-70865,RS-4398,2026-03-17 14:30,Ash Hill,Evidence appointment,Booked
AP-70239,RS-4073,2026-03-17 14:45,Weybridge,Debt advice,Booked
AP-70525,RS-4146,2026-03-17 14:45,Weybridge,Employment support,Booked
AP-70541,RS-4197,2026-03-17 14:45,Weybridge,Benefits review,Booked
AP-70716,RS-4020,2026-03-17 14:45,Northgate,Debt advice,Booked
AP-70202,RS-4617,2026-03-17 15:00,Northgate,Debt advice,Booked
AP-70410,RS-4176,2026-03-17 15:00,Ash Hill,Debt advice,Booked
AP-70621,RS-4010,2026-03-17 15:00,Calder Central,Benefits review,Booked
AP-70011,RS-4371,2026-03-17 15:15,Northgate,Employment support,Booked
AP-70036,RS-4508,2026-03-17 15:15,Calder Central,Health assessment,Booked
AP-70773,RS-4615,2026-03-17 15:15,Weybridge,Health assessment,Booked
AP-70886,RS-4077,2026-03-17 15:15,Ash Hill,Health assessment,Booked
AP-70229,RS-4467,2026-03-17 15:30,Weybridge,Evidence appointment,Booked
AP-70039,RS-4095,2026-03-17 15:45,Weybridge,Health assessment,Booked
AP-70196,RS-4573,2026-03-17 15:45,Northgate,Benefits review,Booked
AP-70371,RS-4180,2026-03-17 15:45,Ash Hill,Benefits review,Booked
AP-70769,RS-4046,2026-03-17 15:45,Weybridge,Benefits review,Booked
AP-70823,RS-4385,2026-03-17 15:45,Weybridge,Employment support,Booked
AP-70038,RS-4214,2026-03-17 16:00,Ash Hill,Benefits review,Booked
AP-70215,RS-4235,2026-03-17 16:00,Northgate,Evidence appointment,Booked
AP-70426,RS-4453,2026-03-17 16:15,Weybridge,Housing options,Booked
AP-70897,RS-4051,2026-03-17 16:30,Calder Central,Employment support,Booked
AP-70588,RS-4537,2026-03-17 16:45,Northgate,Employment support,Booked
AP-70258,RS-4545,2026-03-18 09:15,Northgate,Benefits review,Booked
AP-70637,RS-4332,2026-03-18 09:15,Northgate,Benefits review,Booked
AP-70027,RS-4248,2026-03-18 09:30,Weybridge,Benefits review,Booked
AP-70248,RS-4006,2026-03-18 09:30,Weybridge,Health assessment,Booked
AP-70318,RS-4556,2026-03-18 09:30,Calder Central,Benefits review,Booked
AP-70443,RS-4469,2026-03-18 09:30,Calder Central,Health assessment,Booked
AP-70617,RS-4558,2026-03-18 09:30,Weybridge,Benefits review,Booked
AP-70160,RS-4396,2026-03-18 09:45,Northgate,Employment support,Booked
AP-70254,RS-4286,2026-03-18 10:00,Ash Hill,Benefits review,Booked
AP-70307,RS-4307,2026-03-18 10:00,Ash Hill,Housing options,Booked
AP-70428,RS-4399,2026-03-18 10:00,Northgate,Debt advice,Booked
AP-70543,RS-4545,2026-03-18 10:00,Weybridge,Employment support,Booked
AP-70463,RS-4461,2026-03-18 10:15,Weybridge,Benefits review,Booked
AP-70709,RS-4212,2026-03-18 10:15,Weybridge,Employment support,Booked
AP-70921,RS-4485,2026-03-18 10:15,Ash Hill,Evidence appointment,Booked
AP-70313,RS-4217,2026-03-18 10:30,Ash Hill,Evidence appointment,Booked
AP-70768,RS-4292,2026-03-18 11:00,Northgate,Benefits review,Booked
AP-70883,RS-4414,2026-03-18 11:15,Weybridge,Benefits review,Booked
AP-70482,RS-4419,2026-03-18 11:30,Calder Central,Health assessment,Booked
AP-70603,RS-4553,2026-03-18 11:45,Weybridge,Housing options,Booked
AP-70790,RS-4493,2026-03-18 11:45,Weybridge,Employment support,Booked
AP-70830,RS-4485,2026-03-18 11:45,Calder Central,Debt advice,Booked
AP-70386,RS-4379,2026-03-18 13:15,Northgate,Benefits review,Booked
AP-70780,RS-4553,2026-03-18 14:00,Calder Central,Evidence appointment,Booked
AP-70499,RS-4270,2026-03-18 14:15,Northgate,Benefits review,Booked
AP-70818,RS-4229,2026-03-18 14:15,Weybridge,Debt advice,Booked
AP-70812,RS-4410,2026-03-18 14:30,Northgate,Employment support,Booked
AP-70863,RS-4217,2026-03-18 14:30,Northgate,Benefits review,Booked
AP-70785,RS-4607,2026-03-18 14:45,Weybridge,Employment support,Booked
AP-70926,RS-4263,2026-03-18 14:45,Weybridge,Evidence appointment,Booked
AP-70414,RS-4244,2026-03-18 15:00,Northgate,Employment support,Booked
AP-70442,RS-4615,2026-03-18 15:00,Calder Central,Health assessment,Booked
AP-70174,RS-4073,2026-03-18 15:45,Calder Central,Employment support,Booked
AP-70667,RS-4322,2026-03-18 16:15,Calder Central,Employment support,Booked
AP-70269,RS-4170,2026-03-19 09:00,Northgate,Housing options,Booked
AP-70731,RS-4397,2026-03-19 09:15,Ash Hill,Employment support,Booked
AP-70149,RS-4324,2026-03-19 09:45,Ash Hill,Health assessment,Booked
AP-70644,RS-4275,2026-03-19 09:45,Ash Hill,Health assessment,Booked
AP-70792,RS-4046,2026-03-19 09:45,Northgate,Evidence appointment,Booked
AP-70383,RS-4390,2026-03-19 10:15,Calder Central,Debt advice,Booked
AP-70014,RS-4607,2026-03-19 10:30,Weybridge,Employment support,Booked
AP-70330,RS-4326,2026-03-19 10:30,Weybridge,Employment support,Booked
AP-70232,RS-4179,2026-03-19 11:15,Calder Central,Employment support,Booked
AP-70535,RS-4561,2026-03-19 11:15,Ash Hill,Evidence appointment,Booked
AP-70861,RS-4100,2026-03-19 11:15,Ash Hill,Housing options,Booked
AP-70353,RS-4451,2026-03-19 11:45,Northgate,Health assessment,Booked
AP-70480,RS-4302,2026-03-19 11:45,Ash Hill,Benefits review,Booked
AP-70046,RS-4431,2026-03-19 13:15,Northgate,Employment support,Booked
AP-70084,RS-4299,2026-03-19 14:00,Northgate,Housing options,Booked
AP-70305,RS-4169,2026-03-19 14:00,Calder Central,Benefits review,Booked
AP-70538,RS-4483,2026-03-19 14:00,Weybridge,Employment support,Booked
AP-70335,RS-4203,2026-03-19 14:15,Northgate,Benefits review,Booked
AP-70418,RS-4129,2026-03-19 14:15,Ash Hill,Housing options,Booked
AP-70751,RS-4431,2026-03-19 14:15,Weybridge,Employment support,Booked
AP-70004,RS-4010,2026-03-19 14:30,Calder Central,Debt advice,Booked
AP-70058,RS-4363,2026-03-19 14:45,Weybridge,Benefits review,Booked
AP-70874,RS-4099,2026-03-19 14:45,Weybridge,Benefits review,Booked
AP-70880,RS-4275,2026-03-19 14:45,Weybridge,Health assessment,Booked
AP-70175,RS-4049,2026-03-19 15:00,Ash Hill,Debt advice,Booked
AP-70007,RS-4260,2026-03-19 15:15,Northgate,Housing options,Booked
AP-70474,RS-4367,2026-03-19 15:45,Northgate,Benefits review,Booked
AP-70929,RS-4277,2026-03-19 16:00,Northgate,Housing options,Booked
AP-70419,RS-4040,2026-03-19 16:15,Weybridge,Debt advice,Booked
AP-70594,RS-4334,2026-03-19 16:15,Calder Central,Housing options,Booked
AP-70059,RS-4334,2026-03-20 09:00,Northgate,Benefits review,Booked
AP-70700,RS-4184,2026-03-20 09:00,Weybridge,Health assessment,Booked
AP-70727,RS-4421,2026-03-20 09:00,Ash Hill,Health assessment,Booked
AP-70882,RS-4619,2026-03-20 09:00,Weybridge,Employment support,Booked
AP-70077,RS-4049,2026-03-20 09:15,Northgate,Evidence appointment,Booked
AP-70760,RS-4022,2026-03-20 09:15,Ash Hill,Evidence appointment,Booked
AP-70707,RS-4382,2026-03-20 09:30,Calder Central,Debt advice,Booked
AP-70615,RS-4247,2026-03-20 10:15,Ash Hill,Debt advice,Booked
AP-70728,RS-4215,2026-03-20 10:15,Northgate,Employment support,Booked
AP-70288,RS-4315,2026-03-20 10:30,Northgate,Health assessment,Booked
AP-70563,RS-4057,2026-03-20 10:30,Weybridge,Employment support,Booked
AP-70825,RS-4532,2026-03-20 10:30,Northgate,Debt advice,Booked
AP-70133,RS-4585,2026-03-20 10:45,Northgate,Debt advice,Booked
AP-70436,RS-4060,2026-03-20 11:15,Northgate,Evidence appointment,Booked
AP-70616,RS-4252,2026-03-20 11:15,Northgate,Employment support,Booked
AP-70681,RS-4305,2026-03-20 11:15,Northgate,Evidence appointment,Booked
AP-70387,RS-4303,2026-03-20 11:30,Ash Hill,Employment support,Booked
AP-70579,RS-4252,2026-03-20 11:30,Calder Central,Debt advice,Booked
AP-70649,RS-4014,2026-03-20 11:30,Weybridge,Evidence appointment,Booked
AP-70613,RS-4584,2026-03-20 14:00,Weybridge,Employment support,Booked
AP-70093,RS-4081,2026-03-20 14:15,Calder Central,Employment support,Booked
AP-70165,RS-4137,2026-03-20 14:15,Northgate,Benefits review,Booked
AP-70218,RS-4606,2026-03-20 14:30,Ash Hill,Housing options,Booked
AP-70628,RS-4512,2026-03-20 14:45,Northgate,Benefits review,Booked
AP-70706,RS-4321,2026-03-20 15:00,Weybridge,Debt advice,Booked
AP-70438,RS-4473,2026-03-20 15:30,Ash Hill,Evidence appointment,Booked
AP-70510,RS-4506,2026-03-20 15:30,Ash Hill,Health assessment,Booked
AP-70417,RS-4191,2026-03-20 16:00,Calder Central,Housing options,Booked
AP-70112,RS-4398,2026-03-20 16:30,Calder Central,Evidence appointment,Booked
AP-70001,RS-4199,2026-03-23 09:00,Calder Central,Debt advice,Booked
AP-70049,RS-4088,2026-03-23 09:00,Weybridge,Health assessment,Booked
AP-70377,RS-4070,2026-03-23 09:00,Northgate,Benefits review,Booked
AP-70561,RS-4221,2026-03-23 09:00,Northgate,Health assessment,Booked
AP-70677,RS-4465,2026-03-23 09:00,Weybridge,Employment support,Booked
AP-70028,RS-4437,2026-03-23 09:15,Weybridge,Housing options,Booked
AP-70310,RS-4421,2026-03-23 09:15,Calder Central,Health assessment,Booked
AP-70545,RS-4055,2026-03-23 09:15,Northgate,Benefits review,Booked
AP-70597,RS-4596,2026-03-23 09:15,Weybridge,Health assessment,Booked
AP-70609,RS-4058,2026-03-23 09:15,Calder Central,Employment support,Booked
AP-70610,RS-4146,2026-03-23 09:15,Weybridge,Evidence appointment,Booked
AP-70881,RS-4083,2026-03-23 09:15,Northgate,Health assessment,Booked
AP-70321,RS-4058,2026-03-23 09:30,Calder Central,Employment support,Booked
AP-70341,RS-4246,2026-03-23 09:30,Weybridge,Benefits review,Booked
AP-70363,RS-4177,2026-03-23 09:30,Northgate,Debt advice,Booked
AP-70802,RS-4398,2026-03-23 09:30,Calder Central,Housing options,Booked
AP-70108,RS-4422,2026-03-23 09:45,Calder Central,Benefits review,Booked
AP-70530,RS-4163,2026-03-23 09:45,Ash Hill,Housing options,Booked
AP-70908,RS-4574,2026-03-23 09:45,Weybridge,Health assessment,Booked
AP-70888,RS-4613,2026-03-23 10:00,Weybridge,Evidence appointment,Booked
AP-70245,RS-4055,2026-03-23 10:15,Calder Central,Health assessment,Booked
AP-70432,RS-4487,2026-03-23 10:15,Weybridge,Debt advice,Booked
AP-70462,RS-4254,2026-03-23 10:15,Northgate,Debt advice,Booked
AP-70529,RS-4527,2026-03-23 10:15,Northgate,Housing options,Booked
AP-70281,RS-4296,2026-03-23 10:45,Calder Central,Benefits review,Booked
AP-70655,RS-4596,2026-03-23 10:45,Calder Central,Housing options,Booked
AP-70726,RS-4072,2026-03-23 10:45,Northgate,Evidence appointment,Booked
AP-70130,RS-4040,2026-03-23 11:00,Ash Hill,Benefits review,Booked
AP-70445,RS-4292,2026-03-23 11:00,Weybridge,Benefits review,Booked
AP-70657,RS-4594,2026-03-23 11:00,Ash Hill,Evidence appointment,Booked
AP-70737,RS-4318,2026-03-23 11:00,Ash Hill,Health assessment,Booked
AP-70753,RS-4059,2026-03-23 11:00,Ash Hill,Health assessment,Booked
AP-70136,RS-4542,2026-03-23 11:15,Calder Central,Health assessment,Booked
AP-70495,RS-4073,2026-03-23 11:15,Northgate,Health assessment,Booked
AP-70832,RS-4419,2026-03-23 11:15,Northgate,Benefits review,Booked
AP-70856,RS-4280,2026-03-23 11:15,Weybridge,Housing options,Booked
AP-70407,RS-4504,2026-03-23 11:30,Ash Hill,Health assessment,Booked
AP-70554,RS-4584,2026-03-23 11:30,Calder Central,Employment support,Booked
AP-70853,RS-4356,2026-03-23 11:30,Calder Central,Health assessment,Booked
AP-70018,RS-4013,2026-03-23 11:45,Weybridge,Employment support,Booked
AP-70261,RS-4254,2026-03-23 11:45,Northgate,Benefits review,Booked
AP-70591,RS-4586,2026-03-23 13:00,Calder Central,Housing options,Booked
AP-70742,RS-4422,2026-03-23 13:00,Ash Hill,Housing options,Booked
AP-70786,RS-4136,2026-03-23 13:15,Northgate,Debt advice,Booked
AP-70234,RS-4334,2026-03-23 13:30,Calder Central,Benefits review,Booked
AP-70395,RS-4412,2026-03-23 14:00,Weybridge,Employment support,Booked
AP-70872,RS-4378,2026-03-23 14:00,Weybridge,Debt advice,Booked
AP-70201,RS-4517,2026-03-23 14:15,Weybridge,Housing options,Booked
AP-70284,RS-4079,2026-03-23 14:15,Weybridge,Employment support,Booked
AP-70521,RS-4287,2026-03-23 14:15,Ash Hill,Employment support,Booked
AP-70688,RS-4071,2026-03-23 14:15,Weybridge,Health assessment,Booked
AP-70901,RS-4085,2026-03-23 14:15,Northgate,Employment support,Booked
AP-70935,RS-4200,2026-03-23 14:15,Weybridge,Debt advice,Booked
AP-70005,RS-4009,2026-03-23 14:30,Calder Central,Benefits review,Booked
AP-70323,RS-4505,2026-03-23 14:30,Ash Hill,Evidence appointment,Booked
AP-70528,RS-4098,2026-03-23 14:30,Weybridge,Benefits review,Booked
AP-70547,RS-4571,2026-03-23 14:30,Ash Hill,Housing options,Booked
AP-70791,RS-4084,2026-03-23 14:30,Calder Central,Debt advice,Booked
AP-70869,RS-4278,2026-03-23 14:30,Ash Hill,Health assessment,Booked
AP-70120,RS-4281,2026-03-23 14:45,Ash Hill,Benefits review,Booked
AP-70444,RS-4105,2026-03-23 14:45,Northgate,Benefits review,Booked
AP-70696,RS-4249,2026-03-23 14:45,Northgate,Housing options,Booked
AP-70214,RS-4596,2026-03-23 15:00,Northgate,Benefits review,Booked
AP-70233,RS-4616,2026-03-23 15:00,Northgate,Employment support,Booked
AP-70592,RS-4152,2026-03-23 15:00,Northgate,Evidence appointment,Booked
AP-70599,RS-4383,2026-03-23 15:00,Northgate,Employment support,Booked
AP-70060,RS-4097,2026-03-23 15:15,Calder Central,Benefits review,Booked
AP-70325,RS-4191,2026-03-23 15:15,Weybridge,Employment support,Booked
AP-70338,RS-4359,2026-03-23 15:15,Weybridge,Employment support,Booked
AP-70403,RS-4122,2026-03-23 15:15,Weybridge,Employment support,Booked
AP-70631,RS-4307,2026-03-23 15:15,Calder Central,Evidence appointment,Booked
AP-70634,RS-4542,2026-03-23 15:15,Calder Central,Employment support,Booked
AP-70783,RS-4153,2026-03-23 15:15,Ash Hill,Health assessment,Booked
AP-70788,RS-4347,2026-03-23 15:15,Ash Hill,Employment support,Booked
AP-70253,RS-4386,2026-03-23 15:30,Calder Central,Debt advice,Booked
AP-70504,RS-4311,2026-03-23 15:30,Calder Central,Employment support,Booked
AP-70485,RS-4146,2026-03-23 15:45,Ash Hill,Employment support,Booked
AP-70573,RS-4158,2026-03-23 16:00,Ash Hill,Debt advice,Booked
AP-70051,RS-4277,2026-03-23 16:15,Northgate,Evidence appointment,Booked
AP-70299,RS-4143,2026-03-23 16:15,Ash Hill,Housing options,Booked
AP-70415,RS-4578,2026-03-23 16:15,Ash Hill,Debt advice,Booked
AP-70317,RS-4186,2026-03-23 16:30,Ash Hill,Evidence appointment,Booked
AP-70231,RS-4089,2026-03-23 16:45,Calder Central,Health assessment,Booked
AP-70922,RS-4241,2026-03-23 16:45,Northgate,Health assessment,Booked
AP-70187,RS-4067,2026-03-24 09:00,Ash Hill,Housing options,Booked
AP-70598,RS-4232,2026-03-24 09:00,Northgate,Benefits review,Booked
AP-70047,RS-4153,2026-03-24 09:15,Weybridge,Housing options,Booked
AP-70745,RS-4194,2026-03-24 09:15,Northgate,Evidence appointment,Booked
AP-70376,RS-4367,2026-03-24 09:30,Weybridge,Benefits review,Booked
AP-70236,RS-4178,2026-03-24 09:45,Calder Central,Housing options,Booked
AP-70272,RS-4004,2026-03-24 09:45,Weybridge,Debt advice,Booked
AP-70755,RS-4149,2026-03-24 09:45,Calder Central,Housing options,Booked
AP-70092,RS-4266,2026-03-24 10:00,Weybridge,Debt advice,Booked
AP-70128,RS-4610,2026-03-24 10:00,Ash Hill,Benefits review,Booked
AP-70159,RS-4601,2026-03-24 10:00,Calder Central,Housing options,Booked
AP-70180,RS-4526,2026-03-24 10:00,Ash Hill,Benefits review,Booked
AP-70342,RS-4330,2026-03-24 10:00,Calder Central,Health assessment,Booked
AP-70566,RS-4154,2026-03-24 10:00,Weybridge,Evidence appointment,Booked
AP-70645,RS-4353,2026-03-24 10:00,Weybridge,Employment support,Booked
AP-70725,RS-4617,2026-03-24 10:00,Ash Hill,Health assessment,Booked
AP-70401,RS-4364,2026-03-24 10:15,Calder Central,Employment support,Booked
AP-70691,RS-4394,2026-03-24 10:15,Calder Central,Benefits review,Booked
AP-70105,RS-4463,2026-03-24 10:30,Ash Hill,Housing options,Booked
AP-70481,RS-4363,2026-03-24 10:30,Weybridge,Housing options,Booked
AP-70302,RS-4079,2026-03-24 10:45,Ash Hill,Housing options,Booked
AP-70422,RS-4338,2026-03-24 10:45,Calder Central,Housing options,Booked
AP-70694,RS-4445,2026-03-24 10:45,Calder Central,Debt advice,Booked
AP-70399,RS-4313,2026-03-24 11:00,Northgate,Evidence appointment,Booked
AP-70131,RS-4161,2026-03-24 11:15,Weybridge,Evidence appointment,Booked
AP-70625,RS-4535,2026-03-24 11:15,Calder Central,Housing options,Booked
AP-70721,RS-4214,2026-03-24 11:15,Weybridge,Benefits review,Booked
AP-70829,RS-4093,2026-03-24 11:15,Northgate,Benefits review,Booked
AP-70850,RS-4085,2026-03-24 11:15,Northgate,Housing options,Booked
AP-70855,RS-4478,2026-03-24 11:15,Ash Hill,Health assessment,Booked
AP-70553,RS-4447,2026-03-24 11:30,Calder Central,Benefits review,Booked
AP-70626,RS-4021,2026-03-24 13:15,Weybridge,Health assessment,Booked
AP-70440,RS-4501,2026-03-24 13:45,Ash Hill,Evidence appointment,Booked
AP-70650,RS-4565,2026-03-24 13:45,Weybridge,Employment support,Booked
AP-70012,RS-4314,2026-03-24 14:00,Ash Hill,Benefits review,Booked
AP-70188,RS-4561,2026-03-24 14:00,Weybridge,Evidence appointment,Booked
AP-70192,RS-4315,2026-03-24 14:15,Ash Hill,Debt advice,Booked
AP-70117,RS-4455,2026-03-24 14:30,Weybridge,Evidence appointment,Booked
AP-70496,RS-4105,2026-03-24 14:30,Weybridge,Health assessment,Booked
AP-70511,RS-4007,2026-03-24 14:30,Northgate,Housing options,Booked
AP-70854,RS-4429,2026-03-24 14:30,Ash Hill,Debt advice,Booked
AP-70191,RS-4225,2026-03-24 14:45,Northgate,Employment support,Booked
AP-70311,RS-4160,2026-03-24 14:45,Ash Hill,Housing options,Booked
AP-70393,RS-4285,2026-03-24 14:45,Weybridge,Health assessment,Booked
AP-70735,RS-4590,2026-03-24 14:45,Weybridge,Benefits review,Booked
AP-70924,RS-4133,2026-03-24 14:45,Calder Central,Health assessment,Booked
AP-70273,RS-4352,2026-03-24 15:00,Ash Hill,Debt advice,Booked
AP-70351,RS-4065,2026-03-24 15:00,Northgate,Housing options,Booked
AP-70431,RS-4556,2026-03-24 15:00,Northgate,Debt advice,Booked
AP-70447,RS-4257,2026-03-24 15:00,Northgate,Housing options,Booked
AP-70127,RS-4178,2026-03-24 15:30,Weybridge,Debt advice,Booked
AP-70710,RS-4536,2026-03-24 15:30,Ash Hill,Debt advice,Booked
AP-70402,RS-4380,2026-03-24 15:45,Ash Hill,Evidence appointment,Booked
AP-70505,RS-4517,2026-03-24 15:45,Weybridge,Benefits review,Booked
AP-70859,RS-4498,2026-03-24 15:45,Ash Hill,Employment support,Booked
AP-70360,RS-4247,2026-03-24 16:00,Northgate,Benefits review,Booked
AP-70526,RS-4516,2026-03-24 16:00,Northgate,Benefits review,Booked
AP-70263,RS-4204,2026-03-24 16:15,Weybridge,Employment support,Booked
AP-70147,RS-4116,2026-03-24 16:30,Weybridge,Evidence appointment,Booked
AP-70255,RS-4453,2026-03-25 09:00,Northgate,Debt advice,Booked
AP-70076,RS-4227,2026-03-25 09:15,Calder Central,Benefits review,Booked
AP-70398,RS-4402,2026-03-25 09:15,Ash Hill,Debt advice,Booked
AP-70256,RS-4351,2026-03-25 09:30,Ash Hill,Health assessment,Booked
AP-70761,RS-4513,2026-03-25 09:45,Northgate,Employment support,Booked
AP-70532,RS-4363,2026-03-25 10:45,Northgate,Employment support,Booked
AP-70190,RS-4608,2026-03-25 11:00,Calder Central,Debt advice,Booked
AP-70374,RS-4357,2026-03-25 11:00,Weybridge,Employment support,Booked
AP-70555,RS-4350,2026-03-25 11:00,Calder Central,Housing options,Booked
AP-70808,RS-4531,2026-03-25 11:30,Calder Central,Health assessment,Booked
AP-70911,RS-4230,2026-03-25 11:30,Ash Hill,Housing options,Booked
AP-70756,RS-4554,2026-03-25 11:45,Northgate,Debt advice,Booked
AP-70539,RS-4298,2026-03-25 13:15,Weybridge,Health assessment,Booked
AP-70607,RS-4154,2026-03-25 13:15,Weybridge,Benefits review,Booked
AP-70720,RS-4541,2026-03-25 13:30,Ash Hill,Benefits review,Booked
AP-70146,RS-4544,2026-03-25 14:15,Calder Central,Evidence appointment,Booked
AP-70698,RS-4148,2026-03-25 14:45,Calder Central,Health assessment,Booked
AP-70741,RS-4524,2026-03-25 15:00,Calder Central,Debt advice,Booked
AP-70096,RS-4199,2026-03-25 15:30,Northgate,Benefits review,Booked
AP-70827,RS-4248,2026-03-25 15:30,Calder Central,Health assessment,Booked
AP-70186,RS-4147,2026-03-25 15:45,Weybridge,Benefits review,Booked
AP-70210,RS-4606,2026-03-25 15:45,Ash Hill,Employment support,Booked
AP-70549,RS-4124,2026-03-25 16:15,Weybridge,Health assessment,Booked
AP-70668,RS-4610,2026-03-26 09:00,Calder Central,Housing options,Booked
AP-70031,RS-4071,2026-03-26 09:15,Calder Central,Benefits review,Booked
AP-70294,RS-4562,2026-03-26 09:15,Weybridge,Housing options,Booked
AP-70375,RS-4050,2026-03-26 09:15,Calder Central,Health assessment,Booked
AP-70840,RS-4476,2026-03-26 09:15,Northgate,Employment support,Booked
AP-70055,RS-4543,2026-03-26 09:45,Calder Central,Housing options,Booked
AP-70336,RS-4396,2026-03-26 10:15,Weybridge,Health assessment,Booked
AP-70605,RS-4088,2026-03-26 10:30,Northgate,Health assessment,Booked
AP-70347,RS-4588,2026-03-26 10:45,Ash Hill,Housing options,Booked
AP-70478,RS-4372,2026-03-26 10:45,Calder Central,Debt advice,Booked
AP-70366,RS-4014,2026-03-26 11:00,Northgate,Benefits review,Booked
AP-70810,RS-4528,2026-03-26 11:00,Northgate,Debt advice,Booked
AP-70917,RS-4529,2026-03-26 11:00,Ash Hill,Housing options,Booked
AP-70172,RS-4156,2026-03-26 11:30,Weybridge,Employment support,Booked
AP-70627,RS-4606,2026-03-26 11:30,Calder Central,Evidence appointment,Booked
AP-70006,RS-4076,2026-03-26 11:45,Calder Central,Debt advice,Booked
AP-70098,RS-4096,2026-03-26 13:00,Northgate,Evidence appointment,Booked
AP-70241,RS-4348,2026-03-26 13:00,Weybridge,Health assessment,Booked
AP-70568,RS-4285,2026-03-26 13:45,Northgate,Health assessment,Booked
AP-70664,RS-4415,2026-03-26 14:00,Weybridge,Debt advice,Booked
AP-70409,RS-4605,2026-03-26 14:15,Ash Hill,Health assessment,Booked
AP-70576,RS-4437,2026-03-26 14:45,Calder Central,Evidence appointment,Booked
AP-70876,RS-4489,2026-03-26 14:45,Weybridge,Debt advice,Booked
AP-70069,RS-4561,2026-03-26 15:00,Ash Hill,Employment support,Booked
AP-70451,RS-4256,2026-03-26 15:00,Weybridge,Evidence appointment,Booked
AP-70584,RS-4313,2026-03-26 15:00,Ash Hill,Benefits review,Booked
AP-70913,RS-4033,2026-03-26 15:00,Ash Hill,Employment support,Booked
AP-70388,RS-4564,2026-03-26 15:15,Ash Hill,Benefits review,Booked
AP-70849,RS-4559,2026-03-26 15:15,Ash Hill,Debt advice,Booked
AP-70017,RS-4019,2026-03-26 15:30,Northgate,Housing options,Booked
AP-70848,RS-4162,2026-03-26 15:30,Northgate,Employment support,Booked
AP-70181,RS-4331,2026-03-26 16:30,Calder Central,Benefits review,Booked
AP-70520,RS-4066,2026-03-27 09:15,Calder Central,Health assessment,Booked
AP-70331,RS-4518,2026-03-27 09:30,Northgate,Debt advice,Booked
AP-70219,RS-4575,2026-03-27 09:45,Calder Central,Employment support,Booked
AP-70771,RS-4385,2026-03-27 09:45,Northgate,Debt advice,Booked
AP-70759,RS-4351,2026-03-27 10:00,Ash Hill,Evidence appointment,Booked
AP-70842,RS-4115,2026-03-27 10:30,Weybridge,Employment support,Booked
AP-70794,RS-4486,2026-03-27 11:15,Calder Central,Employment support,Booked
AP-70577,RS-4351,2026-03-27 11:30,Weybridge,Evidence appointment,Booked
AP-70198,RS-4028,2026-03-27 11:45,Northgate,Employment support,Booked
AP-70467,RS-4602,2026-03-27 11:45,Northgate,Health assessment,Booked
AP-70906,RS-4018,2026-03-27 11:45,Calder Central,Health assessment,Booked
AP-70088,RS-4127,2026-03-27 13:00,Calder Central,Evidence appointment,Booked
AP-70449,RS-4344,2026-03-27 13:00,Northgate,Employment support,Booked
AP-70916,RS-4236,2026-03-27 13:00,Calder Central,Benefits review,Booked
AP-70724,RS-4009,2026-03-27 13:30,Northgate,Benefits review,Booked
AP-70798,RS-4422,2026-03-27 13:30,Calder Central,Debt advice,Booked
AP-70846,RS-4079,2026-03-27 13:30,Ash Hill,Benefits review,Booked
AP-70441,RS-4240,2026-03-27 14:00,Weybridge,Employment support,Booked
AP-70479,RS-4365,2026-03-27 14:30,Ash Hill,Health assessment,Booked
AP-70560,RS-4389,2026-03-27 14:30,Northgate,Employment support,Booked
AP-70640,RS-4021,2026-03-27 14:30,Calder Central,Debt advice,Booked
AP-70873,RS-4304,2026-03-27 14:30,Calder Central,Benefits review,Booked
AP-70390,RS-4613,2026-03-27 14:45,Ash Hill,Housing options,Booked
AP-70782,RS-4512,2026-03-27 14:45,Weybridge,Debt advice,Booked
AP-70896,RS-4009,2026-03-27 14:45,Northgate,Benefits review,Booked
AP-70919,RS-4489,2026-03-27 14:45,Calder Central,Evidence appointment,Booked
AP-70558,RS-4215,2026-03-27 15:00,Northgate,Housing options,Booked
AP-70654,RS-4377,2026-03-27 15:00,Calder Central,Evidence appointment,Booked
AP-70032,RS-4522,2026-03-27 15:45,Ash Hill,Debt advice,Booked
AP-70003,RS-4087,2026-03-27 16:00,Ash Hill,Evidence appointment,Booked
AP-70087,RS-4214,2026-03-30 09:00,Northgate,Benefits review,Booked
AP-70220,RS-4373,2026-03-30 09:00,Calder Central,Debt advice,Booked
AP-70646,RS-4588,2026-03-30 09:00,Weybridge,Employment support,Booked
AP-70729,RS-4495,2026-03-30 09:00,Northgate,Evidence appointment,Booked
AP-70891,RS-4054,2026-03-30 09:00,Ash Hill,Employment support,Booked
AP-70021,RS-4323,2026-03-30 09:15,Calder Central,Health assessment,Booked
AP-70345,RS-4181,2026-03-30 09:15,Calder Central,Debt advice,Booked
AP-70053,RS-4108,2026-03-30 09:45,Ash Hill,Employment support,Booked
AP-70072,RS-4176,2026-03-30 09:45,Northgate,Benefits review,Booked
AP-70082,RS-4114,2026-03-30 09:45,Ash Hill,Employment support,Booked
AP-70194,RS-4395,2026-03-30 09:45,Northgate,Evidence appointment,Booked
AP-70642,RS-4590,2026-03-30 09:45,Northgate,Employment support,Booked
AP-70362,RS-4268,2026-03-30 10:00,Weybridge,Employment support,Booked
AP-70648,RS-4523,2026-03-30 10:00,Calder Central,Employment support,Booked
AP-70129,RS-4205,2026-03-30 10:15,Weybridge,Housing options,Booked
AP-70839,RS-4488,2026-03-30 10:15,Northgate,Employment support,Booked
AP-70851,RS-4380,2026-03-30 10:15,Weybridge,Evidence appointment,Booked
AP-70104,RS-4191,2026-03-30 10:30,Ash Hill,Benefits review,Booked
AP-70228,RS-4546,2026-03-30 10:30,Northgate,Employment support,Booked
AP-70379,RS-4407,2026-03-30 10:30,Ash Hill,Debt advice,Booked
AP-70633,RS-4147,2026-03-30 10:30,Ash Hill,Evidence appointment,Booked
AP-70675,RS-4057,2026-03-30 10:45,Ash Hill,Housing options,Booked
AP-70022,RS-4341,2026-03-30 11:00,Calder Central,Health assessment,Booked
AP-70672,RS-4533,2026-03-30 11:00,Weybridge,Evidence appointment,Booked
AP-70687,RS-4369,2026-03-30 11:00,Northgate,Employment support,Booked
AP-70045,RS-4307,2026-03-30 11:15,Ash Hill,Housing options,Booked
AP-70223,RS-4601,2026-03-30 11:15,Northgate,Evidence appointment,Booked
AP-70620,RS-4450,2026-03-30 11:30,Northgate,Housing options,Booked
AP-70270,RS-4178,2026-03-30 11:45,Ash Hill,Benefits review,Booked
AP-70240,RS-4413,2026-03-30 13:00,Northgate,Health assessment,Booked
AP-70778,RS-4018,2026-03-30 13:00,Northgate,Housing options,Booked
AP-70177,RS-4160,2026-03-30 13:15,Weybridge,Employment support,Booked
AP-70805,RS-4600,2026-03-30 14:00,Calder Central,Health assessment,Booked
AP-70931,RS-4572,2026-03-30 14:00,Northgate,Health assessment,Booked
AP-70081,RS-4572,2026-03-30 14:15,Calder Central,Benefits review,Booked
AP-70333,RS-4007,2026-03-30 14:15,Ash Hill,Housing options,Booked
AP-70370,RS-4596,2026-03-30 14:15,Northgate,Health assessment,Booked
AP-70246,RS-4395,2026-03-30 14:30,Northgate,Housing options,Booked
AP-70448,RS-4600,2026-03-30 14:30,Ash Hill,Housing options,Booked
AP-70154,RS-4543,2026-03-30 14:45,Calder Central,Evidence appointment,Booked
AP-70420,RS-4002,2026-03-30 14:45,Calder Central,Benefits review,Booked
AP-70841,RS-4314,2026-03-30 15:30,Ash Hill,Benefits review,Booked
AP-70044,RS-4059,2026-03-30 15:45,Ash Hill,Employment support,Booked
AP-70119,RS-4495,2026-03-30 16:15,Ash Hill,Housing options,Booked
AP-70140,RS-4117,2026-03-30 16:30,Calder Central,Employment support,Booked
AP-70166,RS-4431,2026-03-30 16:45,Weybridge,Housing options,Booked
AP-70658,RS-4090,2026-03-31 09:00,Weybridge,Debt advice,Booked
AP-70122,RS-4278,2026-03-31 09:15,Weybridge,Employment support,Booked
AP-70423,RS-4519,2026-03-31 09:15,Ash Hill,Employment support,Booked
AP-70349,RS-4239,2026-03-31 09:45,Northgate,Benefits review,Booked
AP-70781,RS-4478,2026-03-31 09:45,Calder Central,Employment support,Booked
AP-70070,RS-4058,2026-03-31 10:00,Weybridge,Employment support,Booked
AP-70795,RS-4546,2026-03-31 10:00,Calder Central,Evidence appointment,Booked
AP-70397,RS-4400,2026-03-31 10:30,Northgate,Employment support,Booked
AP-70071,RS-4144,2026-03-31 11:00,Weybridge,Benefits review,Booked
AP-70304,RS-4475,2026-03-31 11:00,Ash Hill,Health assessment,Booked
AP-70822,RS-4144,2026-03-31 11:00,Calder Central,Benefits review,Booked
AP-70356,RS-4307,2026-03-31 11:45,Ash Hill,Benefits review,Booked
AP-70368,RS-4497,2026-03-31 11:45,Weybridge,Benefits review,Booked
AP-70639,RS-4373,2026-03-31 11:45,Ash Hill,Housing options,Booked
AP-70665,RS-4335,2026-03-31 11:45,Calder Central,Evidence appointment,Booked
AP-70787,RS-4053,2026-03-31 13:00,Ash Hill,Benefits review,Booked
AP-70074,RS-4218,2026-03-31 13:30,Calder Central,Housing options,Booked
AP-70550,RS-4194,2026-03-31 13:45,Weybridge,Evidence appointment,Booked
AP-70293,RS-4269,2026-03-31 14:00,Ash Hill,Benefits review,Booked
AP-70298,RS-4525,2026-03-31 14:00,Weybridge,Employment support,Booked
AP-70308,RS-4418,2026-03-31 14:00,Northgate,Housing options,Booked
AP-70939,RS-4139,2026-03-31 14:15,Ash Hill,Health assessment,Booked
AP-70216,RS-4187,2026-03-31 14:30,Ash Hill,Debt advice,Booked
AP-70909,RS-4537,2026-03-31 14:30,Ash Hill,Housing options,Booked
AP-70158,RS-4012,2026-03-31 14:45,Ash Hill,Health assessment,Booked
AP-70570,RS-4270,2026-03-31 14:45,Northgate,Evidence appointment,Booked
AP-70923,RS-4363,2026-03-31 14:45,Ash Hill,Health assessment,Booked
AP-70107,RS-4115,2026-03-31 15:00,Northgate,Debt advice,Booked
AP-70793,RS-4337,2026-03-31 15:00,Northgate,Health assessment,Booked
AP-70083,RS-4169,2026-03-31 15:30,Ash Hill,Health assessment,Booked
AP-70167,RS-4376,2026-03-31 16:00,Calder Central,Evidence appointment,Booked
