resident_id,name,mobile,landline,email,language,sms_optout,voice_optout,email_optout,number_last_verified
RS-4000,Priya Whitlock,555-853-5210,,priya.whitlock@example.net,en,N,N,N,2023-02-05
RS-4001,Nadia Okonkwo,555-884-3958,,nadia.okonkwo@example.net,en,Y,N,N,2025-07-07
RS-4002,Joseph Whitlock,555-339-7468,555-246-6339,,es,Y,N,N,2024-06-21
RS-4003,Ivan Silva,555-853-5210,,,vi,N,N,N,2026-02-03
RS-4004,Mei Petrov,555-227-4455,555-218-8006,,en,N,N,N,2023-11-06
RS-4005,Elena Fowler,555-714-3453,,elena.fowler@example.net,en,N,N,N,2024-07-07
RS-4006,Tomas Whitlock,555-316-9811,555-234-4323,,en,N,N,N,2025-05-17
RS-4007,Patricia Thorne,555-794-1087,,,en,N,N,N,2025-02-15
RS-4008,Amara Crowley,555-494-2507,,amara.crowley@example.net,en,Y,N,N,2025-02-26
RS-4009,Karen Grady,,555-222-4475,,en,N,N,N,2024-06-18
RS-4010,Joseph Hollis,555-739-6759,555-229-8151,joseph.hollis@example.net,en,N,N,N,2023-11-17
RS-4011,Ivan Chen,555-392-1936,555-217-8783,ivan.chen@example.net,so,N,N,N,2024-03-20
RS-4012,Barbara Nakamura,555-643-8490,,,en,N,N,N,2023-11-15
RS-4013,Nadia Thorne,555-328-9083,,nadia.thorne@example.net,en,N,N,Y,2024-09-07
RS-4014,Ahmed Ashford,,555-231-6681,,en,N,N,N,2025-06-30
RS-4015,Daniel Grady,555-211-7631,,daniel.grady@example.net,so,N,N,N,2023-10-06
RS-4016,Sarah Kessler,555-429-8416,555-239-2427,sarah.kessler@example.net,en,N,N,N,2024-03-06
RS-4017,Priya Hollis,555-234-8272,,priya.hollis@example.net,en,N,N,N,2025-06-12
RS-4018,Mei Crowley,555-856-6537,,,en,N,N,N,2023-10-22
RS-4019,Joseph Carver,555-709-3481,,,ru,N,Y,N,2025-11-15
RS-4020,Karen Thorne,,555-239-6058,karen.thorne@example.net,en,N,N,N,2025-05-09
RS-4021,Nadia Fowler,555-825-7419,555-238-2919,nadia.fowler@example.net,en,Y,N,N,2024-11-13
RS-4022,Linda Ellery,555-805-7775,,linda.ellery@example.net,en,Y,N,N,2024-01-25
RS-4023,Grace Hollis,555-821-8880,,grace.hollis@example.net,en,N,N,N,2024-04-10
RS-4024,Amara Whitlock,555-535-4940,,amara.whitlock@example.net,en,N,N,N,2026-01-01
RS-4025,Susan Thorne,,555-241-1065,susan.thorne@example.net,en,N,N,N,2025-05-03
RS-4026,Sarah Iverson,555-513-4118,555-244-3109,sarah.iverson@example.net,vi,N,N,N,2025-11-15
RS-4027,Hieu Carver,555-591-9107,,,en,N,N,N,2026-01-21
RS-4028,Joseph Carver,555-817-4487,,joseph.carver@example.net,en,N,N,N,2023-12-16
RS-4029,Robert Ashford,555-722-9973,555-229-1555,robert.ashford@example.net,es,N,N,N,2024-12-20
RS-4030,Sarah Ellery,,555-215-8538,,vi,N,N,N,2025-09-24
RS-4031,Amara Chen,555-803-9932,,amara.chen@example.net,en,N,N,N,2025-07-29
RS-4032,Elena Ellery,555-428-7817,,elena.ellery@example.net,ru,Y,N,N,2024-09-04
RS-4033,Hieu Nakamura,555-896-8785,,hieu.nakamura@example.net,vi,N,N,N,2023-12-29
RS-4034,David Crowley,555-340-2455,,david.crowley@example.net,en,N,N,N,2025-02-08
RS-4035,Ahmed Hollis,555-336-6701,,ahmed.hollis@example.net,en,N,N,N,2025-08-01
RS-4036,Amara Grady,555-516-2019,,,en,N,N,N,2025-11-14
RS-4037,Elena Vance,555-819-5627,555-216-7023,elena.vance@example.net,en,N,N,N,2024-08-11
RS-4038,Elizabeth Petrov,555-668-5483,,elizabeth.petrov@example.net,en,N,N,N,2025-12-17
RS-4039,Maria Zamora,555-429-4528,,maria.zamora@example.net,en,N,N,N,2025-12-06
RS-4040,Kofi Thorne,555-505-4720,,kofi.thorne@example.net,en,Y,N,N,2023-11-09
RS-4041,Elena Petrov,555-412-9757,,elena.petrov@example.net,en,Y,Y,Y,2025-01-04
RS-4042,Susan Crowley,555-728-5920,555-234-8051,susan.crowley@example.net,es,N,N,N,2024-03-07
RS-4043,Fatima Crowley,,555-234-3071,,en,N,N,N,2025-01-19
RS-4044,David Ashford,555-592-1642,555-214-4032,david.ashford@example.net,en,N,N,N,2024-05-27
RS-4045,Elena Carver,555-500-7329,,elena.carver@example.net,en,Y,N,N,2024-10-14
RS-4046,Michael Petrov,555-615-9872,,michael.petrov@example.net,en,N,N,N,2025-12-27
RS-4047,Sarah Zamora,555-345-4562,,,en,N,N,N,2024-07-11
RS-4048,Michael Grady,555-422-8032,,,en,N,N,N,2025-09-03
RS-4049,Mei Chen,555-648-2615,,mei.chen@example.net,so,N,N,N,2025-05-21
RS-4050,Sarah Nakamura,,,,en,N,N,N,2025-07-11
RS-4051,Joseph Hollis,555-467-7646,,joseph.hollis@example.net,en,N,N,N,2024-03-04
RS-4052,Karen Crowley,,555-211-2674,,en,N,N,N,2025-07-08
RS-4053,Jessica Fowler,555-502-6631,,jessica.fowler@example.net,es,N,N,N,2025-06-18
RS-4054,Luis Carver,555-792-8142,,luis.carver@example.net,so,N,N,N,2024-04-09
RS-4055,Ahmed Jennings,,555-229-2416,ahmed.jennings@example.net,en,N,N,N,2025-04-12
RS-4056,Grace Rasmussen,555-471-8938,,grace.rasmussen@example.net,en,N,N,Y,2025-12-24
RS-4057,Robert Fowler,,555-235-1190,robert.fowler@example.net,en,N,N,N,2024-07-27
RS-4058,Sarah Jennings,555-892-7121,,sarah.jennings@example.net,en,N,N,N,2025-10-17
RS-4059,Rosa Rasmussen,555-666-2801,555-245-5503,,en,Y,N,N,2024-09-15
RS-4060,Barbara Nguyen,555-797-2624,,,es,N,N,N,2025-08-16
RS-4061,Elena Marsh,555-372-9694,,,en,N,Y,N,2024-04-23
RS-4062,Elena Rasmussen,555-320-2422,555-218-6905,elena.rasmussen@example.net,en,N,N,N,2025-04-14
RS-4063,Kofi Silva,555-867-5110,,kofi.silva@example.net,en,N,N,N,2026-02-07
RS-4064,Linda Delgado,555-619-4652,,,en,N,N,N,2025-06-27
RS-4065,Kofi Iverson,555-319-3223,555-240-6646,,en,Y,N,N,2024-03-30
RS-4066,Maria Rasmussen,555-476-9406,,maria.rasmussen@example.net,en,N,N,N,2025-02-20
RS-4067,Hieu Jennings,,555-226-7861,,en,N,N,N,2023-11-21
RS-4068,Maria Abdi,555-824-3008,,maria.abdi@example.net,en,N,N,N,2023-12-20
RS-4069,Patricia Marsh,555-231-4545,,patricia.marsh@example.net,en,N,N,N,2025-03-05
RS-4070,Rosa Nguyen,555-438-7884,,,en,N,Y,N,2024-06-15
RS-4071,Barbara Thorne,555-658-1956,,,en,N,N,N,2023-12-20
RS-4072,Barbara Zamora,,555-233-9818,barbara.zamora@example.net,en,N,N,N,2025-05-21
RS-4073,Rosa Okonkwo,555-708-2773,,rosa.okonkwo@example.net,en,N,N,N,2024-03-22
RS-4074,Elena Rasmussen,555-437-7117,555-208-2938,,es,N,N,N,2024-08-06
RS-4075,Tomas Ellery,555-409-2858,,,es,N,N,N,2023-10-16
RS-4076,Mei Thorne,555-537-5276,,,es,N,N,N,2023-09-28
RS-4077,Maria Vance,555-820-3969,,maria.vance@example.net,es,N,N,N,2024-01-01
RS-4078,Karen Ellery,555-802-3591,,karen.ellery@example.net,en,N,N,N,2024-07-06
RS-4079,Ahmed Kessler,555-249-8372,,ahmed.kessler@example.net,en,N,N,N,2025-04-11
RS-4080,Jessica Grady,555-692-2749,,jessica.grady@example.net,en,N,N,N,2024-02-15
RS-4081,Barbara Ellery,555-769-8235,,barbara.ellery@example.net,ru,N,N,N,2024-07-27
RS-4082,Michael Crowley,,555-217-8186,,en,N,N,N,2024-12-29
RS-4083,Michael Hollis,555-224-5025,,michael.hollis@example.net,en,N,N,N,2025-02-02
RS-4084,Jessica Rasmussen,555-810-1855,,jessica.rasmussen@example.net,en,N,N,N,2025-02-13
RS-4085,Karen Crowley,555-374-5419,555-232-8287,karen.crowley@example.net,en,N,N,N,2025-03-22
RS-4086,Robert Nakamura,555-456-8648,555-210-1433,,es,N,N,Y,2025-10-23
RS-4087,Ivan Jennings,555-692-5524,555-201-9144,,en,N,Y,N,2024-01-24
RS-4088,Amara Carver,555-558-9224,555-243-6278,amara.carver@example.net,vi,N,N,N,2024-09-16
RS-4089,Daniel Zamora,555-339-2010,,,en,N,N,N,2024-12-10
RS-4090,Elizabeth Silva,555-673-1439,,,en,N,N,Y,2025-10-29
RS-4091,Elizabeth Kessler,555-809-9246,,,en,N,N,N,2025-01-06
RS-4092,Luis Nakamura,555-571-5383,555-244-8959,luis.nakamura@example.net,en,N,N,N,2026-02-01
RS-4093,Susan Crowley,,555-243-9844,susan.crowley@example.net,en,N,N,N,2025-05-03
RS-4094,Hieu Nguyen,555-785-4665,555-246-5983,hieu.nguyen@example.net,so,Y,N,N,2024-11-07
RS-4095,Thomas Marsh,555-457-9543,,thomas.marsh@example.net,en,N,N,N,2025-06-06
RS-4096,Priya Nakamura,555-213-7256,555-244-7107,priya.nakamura@example.net,en,N,N,N,2024-04-22
RS-4097,Jessica Hollis,,,,en,N,N,N,2025-09-27
RS-4098,Patricia Kessler,,,,so,N,N,N,2024-07-21
RS-4099,Tomas Silva,555-504-3699,,,en,N,N,N,2024-02-20
RS-4100,Maria Silva,555-802-5338,,maria.silva@example.net,ru,N,N,N,2025-02-25
RS-4101,Maria Ellery,555-349-7637,555-242-3255,maria.ellery@example.net,ru,N,N,N,2024-12-13
RS-4102,Karen Jennings,555-652-9090,,karen.jennings@example.net,en,N,N,N,2025-07-06
RS-4103,Elena Silva,555-854-3407,,elena.silva@example.net,vi,N,N,N,2023-11-12
RS-4104,Luis Zamora,555-817-9245,,luis.zamora@example.net,vi,N,N,N,2025-06-14
RS-4105,Michael Zamora,555-327-9965,,,en,N,Y,N,2024-11-06
RS-4106,Elizabeth Ashford,555-201-4576,,elizabeth.ashford@example.net,en,N,N,N,2023-11-19
RS-4107,Maria Abdi,555-309-2876,555-203-8878,maria.abdi@example.net,ru,N,N,Y,2024-01-14
RS-4108,Tomas Crowley,555-812-3415,555-248-3954,,en,N,N,N,2024-01-18
RS-4109,David Abdi,,,,en,N,N,N,2025-07-28
RS-4110,Priya Bennett,555-419-8115,555-216-9523,,en,N,N,N,2024-12-15
RS-4111,Michael Fowler,555-371-8176,,,en,N,N,N,2023-12-28
RS-4112,Susan Fowler,555-716-9071,,susan.fowler@example.net,en,N,N,N,2024-12-22
RS-4113,Priya Whitlock,,555-243-7126,priya.whitlock@example.net,en,N,N,N,2024-04-29
RS-4114,Ahmed Iverson,555-755-1207,,ahmed.iverson@example.net,en,N,N,N,2024-10-08
RS-4115,Mei Jennings,555-762-8285,555-207-5691,,en,N,N,N,2025-07-31
RS-4116,Mei Okonkwo,555-606-3526,555-215-7639,mei.okonkwo@example.net,en,N,N,N,2024-07-21
RS-4117,Michael Marsh,555-733-6942,,,en,N,N,N,2024-09-09
RS-4118,Barbara Nguyen,555-359-2826,,barbara.nguyen@example.net,so,N,N,N,2025-03-04
RS-4119,David Hollis,555-619-9478,,david.hollis@example.net,en,N,N,N,2023-12-28
RS-4120,Robert Ashford,555-472-9266,555-240-4905,robert.ashford@example.net,en,N,N,N,2024-01-14
RS-4121,Ivan Whitlock,555-309-2697,,ivan.whitlock@example.net,en,N,N,N,2024-03-14
RS-4122,Grace Vance,555-845-6080,,grace.vance@example.net,en,N,N,N,2023-10-07
RS-4123,Susan Hollis,555-319-8844,,,en,N,N,N,2024-09-13
RS-4124,Fatima Chen,555-708-3962,555-233-2443,fatima.chen@example.net,en,N,N,N,2025-07-09
RS-4125,Jessica Hollis,555-547-9679,,jessica.hollis@example.net,es,N,N,N,2025-06-28
RS-4126,Linda Thorne,555-695-3307,555-219-6678,linda.thorne@example.net,en,N,N,N,2024-06-25
RS-4127,William Rasmussen,555-205-9967,555-207-8635,,en,N,N,N,2024-02-25
RS-4128,Tomas Rasmussen,555-703-4505,,tomas.rasmussen@example.net,vi,Y,N,N,2024-02-26
RS-4129,Tomas Okonkwo,555-341-9926,,,en,N,N,N,2025-03-01
RS-4130,Hieu Bennett,555-558-9848,,,en,N,N,N,2024-08-11
RS-4131,Jessica Hollis,555-720-8408,,jessica.hollis@example.net,es,N,N,N,2025-02-27
RS-4132,Amara Jennings,555-370-7985,555-233-9884,amara.jennings@example.net,en,N,N,N,2025-04-05
RS-4133,Sarah Fowler,,,,en,N,N,N,2025-10-29
RS-4134,Joseph Chen,555-527-4441,,joseph.chen@example.net,en,N,N,N,2024-10-04
RS-4135,Jessica Petrov,555-496-4892,,jessica.petrov@example.net,en,N,N,N,2025-02-22
RS-4136,Maria Thorne,555-643-4775,,,en,Y,N,N,2025-09-05
RS-4137,Grace Thorne,555-601-6008,555-246-2918,,en,N,N,N,2024-01-16
RS-4138,Hieu Zamora,555-612-9744,,,en,N,N,Y,2023-10-26
RS-4139,Mei Marsh,555-873-5972,,mei.marsh@example.net,en,N,N,N,2025-06-29
RS-4140,David Rasmussen,555-528-9628,,david.rasmussen@example.net,en,N,N,N,2025-01-24
RS-4141,Karen Zamora,555-378-9016,,karen.zamora@example.net,en,N,N,N,2023-09-13
RS-4142,Ahmed Whitlock,555-843-3045,,ahmed.whitlock@example.net,vi,N,N,Y,2024-08-23
RS-4143,Rosa Grady,555-855-5717,,,en,N,N,N,2023-09-29
RS-4144,Ivan Kessler,555-382-4756,,ivan.kessler@example.net,en,Y,N,N,2024-09-21
RS-4145,Sarah Marsh,555-241-8735,,sarah.marsh@example.net,en,N,N,N,2023-09-26
RS-4146,Ivan Marsh,555-447-4122,,ivan.marsh@example.net,en,N,N,N,2023-11-24
RS-4147,Sarah Iverson,555-312-5385,,sarah.iverson@example.net,en,N,N,N,2023-10-28
RS-4148,Jessica Ashford,555-580-5081,,,en,N,Y,N,2024-12-08
RS-4149,Ahmed Grady,555-754-3990,,,es,N,N,N,2025-08-29
RS-4150,William Bennett,555-589-3947,,william.bennett@example.net,en,N,Y,N,2024-02-17
RS-4151,Grace Chen,555-549-4309,,grace.chen@example.net,en,N,N,N,2024-02-23
RS-4152,Ivan Bennett,,555-209-2272,ivan.bennett@example.net,es,N,N,N,2024-10-05
RS-4153,Ahmed Ashford,555-581-2837,,,vi,N,Y,N,2024-06-18
RS-4154,Nadia Nguyen,555-686-5773,,nadia.nguyen@example.net,en,N,Y,N,2025-11-04
RS-4155,Linda Grady,,555-248-1411,linda.grady@example.net,en,N,N,N,2025-05-04
RS-4156,Susan Grady,555-433-5780,,,es,Y,Y,Y,2024-01-29
RS-4157,Patricia Nakamura,555-305-5342,,patricia.nakamura@example.net,en,N,N,N,2025-04-28
RS-4158,David Ellery,,555-210-5617,david.ellery@example.net,vi,N,N,N,2025-04-07
RS-4159,Susan Thorne,555-740-3129,,,en,N,N,N,2025-04-29
RS-4160,Robert Kessler,555-507-5192,,,en,N,N,N,2024-06-17
RS-4161,Patricia Ellery,555-220-6090,,patricia.ellery@example.net,en,N,N,N,2024-12-14
RS-4162,Priya Carver,,555-206-2125,priya.carver@example.net,es,N,N,N,2023-09-22
RS-4163,Priya Silva,555-420-3854,,priya.silva@example.net,en,N,N,N,2023-09-27
RS-4164,David Ellery,,,,vi,N,N,N,2025-05-06
RS-4165,Sarah Bennett,555-723-5568,555-221-5460,sarah.bennett@example.net,vi,N,N,N,2023-09-22
RS-4166,Luis Abdi,555-775-1176,,,en,N,N,N,2025-12-18
RS-4167,Ahmed Whitlock,555-723-6047,,,en,N,N,Y,2023-12-17
RS-4168,Elizabeth Ellery,555-540-6198,,,en,N,N,N,2025-07-28
RS-4169,Maria Carver,555-373-8255,555-239-6310,,en,N,N,N,2025-02-05
RS-4170,Ivan Ellery,555-633-9481,,ivan.ellery@example.net,en,N,N,N,2025-09-12
RS-4171,Grace Kessler,555-829-9597,,grace.kessler@example.net,es,N,N,N,2025-11-26
RS-4172,Elena Abdi,555-781-7682,,elena.abdi@example.net,en,N,N,N,2025-11-19
RS-4173,David Petrov,555-576-1687,,,en,Y,Y,Y,2024-10-10
RS-4174,Patricia Chen,555-355-5502,,,en,N,N,Y,2024-10-10
RS-4175,William Okonkwo,555-529-8593,555-217-9270,,en,N,N,N,2024-06-26
RS-4176,David Delgado,,555-233-1120,david.delgado@example.net,en,N,N,N,2024-07-11
RS-4177,Fatima Zamora,555-308-1110,555-211-2805,fatima.zamora@example.net,en,N,N,N,2024-08-04
RS-4178,Rosa Delgado,555-853-8467,,,en,N,N,N,2025-01-13
RS-4179,Grace Zamora,555-575-1504,,grace.zamora@example.net,es,N,N,Y,2024-12-20
RS-4180,Patricia Abdi,555-594-3069,,,en,N,N,N,2024-04-27
RS-4181,Priya Jennings,555-368-5355,,,en,N,N,N,2025-10-02
RS-4182,William Thorne,555-857-4055,,william.thorne@example.net,en,N,N,N,2025-03-16
RS-4183,Grace Bennett,555-546-9286,555-245-5746,grace.bennett@example.net,en,Y,Y,Y,2025-03-08
RS-4184,Kofi Jennings,555-750-9261,,,en,N,N,N,2024-05-15
RS-4185,Karen Kessler,555-672-3663,,karen.kessler@example.net,so,N,N,N,2024-09-16
RS-4186,Tomas Silva,555-570-9438,555-205-8300,tomas.silva@example.net,so,N,N,N,2025-05-12
RS-4187,Joseph Nakamura,555-466-2727,,,en,N,N,N,2025-05-30
RS-4188,Jessica Petrov,555-602-5191,,jessica.petrov@example.net,en,N,N,N,2025-03-10
RS-4189,Tomas Nakamura,,,,en,N,N,N,2026-01-05
RS-4190,Tomas Ellery,555-711-6195,,tomas.ellery@example.net,es,N,N,N,2026-01-28
RS-4191,David Whitlock,555-872-5549,,,en,Y,N,N,2025-05-10
RS-4192,Linda Bennett,555-238-7085,,,es,N,N,N,2026-02-04
RS-4193,Rosa Whitlock,555-742-9677,,,en,N,N,N,2024-02-12
RS-4194,Nadia Jennings,555-723-8229,,,en,N,Y,N,2024-11-17
RS-4195,Thomas Carver,555-844-4699,,thomas.carver@example.net,en,N,Y,N,2025-06-07
RS-4196,Nadia Okonkwo,555-754-8409,,,es,N,N,N,2024-11-13
RS-4197,Nadia Chen,555-553-5740,,nadia.chen@example.net,en,N,N,N,2026-02-05
RS-4198,Grace Bennett,555-456-5958,,grace.bennett@example.net,es,N,N,Y,2023-10-01
RS-4199,Ahmed Hollis,555-586-7126,,ahmed.hollis@example.net,en,N,Y,N,2024-08-18
RS-4200,Elizabeth Delgado,555-330-9085,,,vi,N,N,N,2024-02-18
RS-4201,Karen Chen,555-636-2158,,,en,N,N,N,2024-11-30
RS-4202,Jessica Silva,555-525-3800,555-246-6345,jessica.silva@example.net,en,N,N,N,2023-11-26
RS-4203,Linda Abdi,,555-213-3409,linda.abdi@example.net,so,N,N,N,2023-11-18
RS-4204,Maria Hollis,555-864-8251,555-213-5927,,vi,N,N,N,2024-02-03
RS-4205,Tomas Ashford,555-885-6442,,,en,N,N,N,2023-11-14
RS-4206,Fatima Hollis,555-790-1725,,fatima.hollis@example.net,en,N,N,N,2025-11-02
RS-4207,Nadia Jennings,555-768-1741,,nadia.jennings@example.net,en,N,N,N,2025-02-02
RS-4208,Michael Rasmussen,,555-241-4612,michael.rasmussen@example.net,en,N,N,N,2024-07-18
RS-4209,Priya Kessler,555-565-4856,555-249-7078,priya.kessler@example.net,so,N,Y,N,2024-07-13
RS-4210,Maria Chen,555-415-4988,555-222-8516,,en,N,N,N,2024-07-24
RS-4211,Grace Chen,555-702-2107,555-232-7942,grace.chen@example.net,es,N,Y,N,2024-01-18
RS-4212,Daniel Ellery,555-622-9201,,,en,N,N,N,2025-09-21
RS-4213,Luis Vance,555-513-4118,,luis.vance@example.net,en,N,N,N,2023-11-12
RS-4214,Maria Carver,555-413-3897,555-225-1119,,en,N,N,N,2025-03-22
RS-4215,Elena Marsh,555-872-6286,,elena.marsh@example.net,ru,N,N,N,2025-09-20
RS-4216,Sarah Abdi,555-771-1793,,,en,N,N,N,2024-06-25
RS-4217,Robert Zamora,555-437-7117,,robert.zamora@example.net,en,N,N,N,2025-05-19
RS-4218,Amara Ellery,555-710-5033,,,ru,N,N,N,2025-06-29
RS-4219,William Marsh,555-559-5485,,,vi,N,N,N,2023-11-24
RS-4220,Nadia Thorne,555-204-4904,,,en,N,N,N,2023-09-23
RS-4221,Tomas Delgado,,555-217-8982,,en,N,N,N,2025-08-28
RS-4222,Susan Nguyen,555-664-1946,,susan.nguyen@example.net,es,N,N,N,2025-11-23
RS-4223,Grace Nakamura,555-515-7166,,,en,N,Y,N,2025-10-17
RS-4224,Sarah Delgado,555-830-3924,,sarah.delgado@example.net,vi,N,N,N,2024-11-28
RS-4225,Tomas Hollis,555-478-2492,,tomas.hollis@example.net,en,N,N,N,2024-10-30
RS-4226,Sarah Grady,555-709-3412,555-213-5476,sarah.grady@example.net,zh,N,N,N,2024-05-11
RS-4227,Patricia Kessler,,555-218-5610,patricia.kessler@example.net,en,N,N,N,2025-12-31
RS-4228,Patricia Ashford,555-514-3163,555-235-6444,patricia.ashford@example.net,en,N,N,N,2024-12-13
RS-4229,William Jennings,555-482-7026,555-225-9429,william.jennings@example.net,en,Y,N,N,2025-05-05
RS-4230,Jessica Ashford,555-211-1528,,,so,N,N,N,2025-01-22
RS-4231,Joseph Crowley,555-720-8585,,,en,Y,N,N,2025-05-13
RS-4232,Robert Rasmussen,555-354-4060,,,vi,N,N,Y,2025-06-26
RS-4233,Nadia Grady,555-224-1116,,,en,N,N,N,2025-02-23
RS-4234,Patricia Whitlock,555-244-9952,,,en,N,N,N,2024-12-06
RS-4235,Ivan Iverson,555-890-1076,,ivan.iverson@example.net,en,N,N,Y,2026-01-24
RS-4236,Amara Petrov,555-765-3511,,,es,N,N,N,2024-08-14
RS-4237,Nadia Crowley,555-812-1782,555-224-1973,,en,N,N,N,2025-01-09
RS-4238,Barbara Abdi,555-391-2219,555-210-2058,,en,N,Y,N,2024-04-13
RS-4239,Rosa Grady,555-501-8548,,,en,N,N,N,2025-01-17
RS-4240,Jessica Iverson,555-502-6631,555-224-3225,jessica.iverson@example.net,en,N,N,N,2024-05-06
RS-4241,Maria Bennett,555-483-5076,555-213-1733,maria.bennett@example.net,en,N,N,N,2023-12-24
RS-4242,Mei Petrov,555-224-8543,555-233-3015,mei.petrov@example.net,en,N,N,N,2024-07-17
RS-4243,Luis Silva,555-221-2935,,luis.silva@example.net,es,N,N,N,2026-01-24
RS-4244,Elena Petrov,555-868-3025,555-218-9335,elena.petrov@example.net,en,N,N,N,2024-05-11
RS-4245,Daniel Iverson,555-632-6988,,daniel.iverson@example.net,en,N,N,N,2025-06-03
RS-4246,Mei Nakamura,555-768-1741,,mei.nakamura@example.net,ru,N,N,N,2025-07-21
RS-4247,David Crowley,555-428-3081,,david.crowley@example.net,en,N,N,N,2024-03-08
RS-4248,Rosa Kessler,555-635-5363,555-232-3704,rosa.kessler@example.net,en,N,N,N,2024-10-11
RS-4249,Kofi Crowley,555-750-1691,,kofi.crowley@example.net,es,N,N,N,2023-10-01
RS-4250,Mei Nguyen,,555-222-8595,mei.nguyen@example.net,en,N,N,N,2025-10-26
RS-4251,Ivan Rasmussen,555-555-5770,555-235-5397,ivan.rasmussen@example.net,en,N,N,N,2024-05-14
RS-4252,Barbara Nguyen,555-433-8906,,,en,N,N,N,2025-09-14
RS-4253,Elizabeth Jennings,555-496-3044,,elizabeth.jennings@example.net,en,N,N,N,2024-09-06
RS-4254,Fatima Bennett,,555-211-2881,,en,N,N,N,2023-11-05
RS-4255,Grace Rasmussen,555-792-7425,,,zh,N,N,Y,2023-12-24
RS-4256,Tomas Fowler,,,,es,N,N,N,2024-11-25
RS-4257,Joseph Grady,,555-244-1886,joseph.grady@example.net,en,N,N,N,2025-09-16
RS-4258,Amara Abdi,555-351-6418,,,en,Y,N,N,2025-07-29
RS-4259,Daniel Delgado,555-382-2030,,,en,N,N,N,2025-03-31
RS-4260,Elizabeth Vance,555-748-1486,555-218-7329,elizabeth.vance@example.net,es,N,N,N,2024-06-03
RS-4261,David Thorne,555-604-3296,,david.thorne@example.net,vi,Y,N,N,2024-05-09
RS-4262,Linda Abdi,555-202-6411,,linda.abdi@example.net,en,N,N,N,2024-04-12
RS-4263,Amara Ellery,555-377-3418,555-238-6549,,es,N,N,N,2024-03-11
RS-4264,Joseph Okonkwo,555-783-6811,555-242-1886,joseph.okonkwo@example.net,so,N,N,N,2024-03-02
RS-4265,Ivan Marsh,555-301-8480,,ivan.marsh@example.net,en,Y,Y,Y,2024-10-15
RS-4266,Robert Thorne,555-339-7299,,,en,Y,N,N,2024-07-23
RS-4267,Sarah Kessler,555-746-7724,,sarah.kessler@example.net,vi,N,N,N,2024-02-26
RS-4268,Ahmed Marsh,555-214-7567,,ahmed.marsh@example.net,es,N,N,N,2024-12-03
RS-4269,Daniel Fowler,555-886-7767,555-212-5080,daniel.fowler@example.net,so,Y,N,N,2025-10-19
RS-4270,Patricia Marsh,555-381-1619,,,en,N,N,N,2024-01-20
RS-4271,Barbara Zamora,555-424-3434,,,ru,Y,N,N,2025-05-17
RS-4272,Elena Whitlock,555-536-5951,,,en,N,N,N,2024-05-22
RS-4273,Barbara Rasmussen,,555-228-2698,barbara.rasmussen@example.net,en,N,N,N,2024-10-02
RS-4274,Patricia Nguyen,555-877-9367,,patricia.nguyen@example.net,en,Y,N,N,2025-03-20
RS-4275,Robert Jennings,555-215-1735,,,en,N,N,N,2026-01-09
RS-4276,Fatima Petrov,555-662-3478,555-203-4782,,es,N,N,N,2025-09-22
RS-4277,Hieu Delgado,555-382-2189,,,en,N,N,N,2024-08-07
RS-4278,Maria Rasmussen,555-425-1274,,,es,N,N,N,2025-03-02
RS-4279,Amara Vance,555-410-9369,555-222-8040,amara.vance@example.net,en,N,N,N,2023-09-26
RS-4280,Tomas Thorne,555-689-8723,,,zh,Y,N,N,2024-06-19
RS-4281,Jessica Zamora,555-248-9721,,,es,N,N,N,2026-02-01
RS-4282,Daniel Kessler,555-200-5121,,daniel.kessler@example.net,en,N,N,N,2024-01-27
RS-4283,Karen Jennings,555-844-9129,,,en,N,N,N,2024-06-21
RS-4284,Amara Rasmussen,555-514-6422,555-220-7667,amara.rasmussen@example.net,en,N,N,N,2024-11-04
RS-4285,Fatima Jennings,555-889-1026,,,en,N,N,Y,2026-01-01
RS-4286,David Nguyen,555-419-1977,,david.nguyen@example.net,en,N,N,N,2023-09-24
RS-4287,Robert Silva,555-616-8420,555-236-5725,,es,N,N,N,2023-12-24
RS-4288,Jessica Silva,555-343-3740,,jessica.silva@example.net,en,N,N,N,2025-02-10
RS-4289,Grace Delgado,555-576-8595,,grace.delgado@example.net,es,N,N,N,2025-04-09
RS-4290,Ivan Rasmussen,555-677-8432,,ivan.rasmussen@example.net,en,N,Y,N,2024-08-13
RS-4291,Amara Iverson,555-367-5976,,amara.iverson@example.net,en,Y,N,N,2023-09-14
RS-4292,Linda Nakamura,555-438-5285,555-225-4584,,en,N,N,N,2024-02-26
RS-4293,Michael Marsh,555-369-2180,,,en,N,N,N,2024-10-11
RS-4294,Thomas Bennett,555-846-7109,,thomas.bennett@example.net,en,N,N,Y,2024-12-20
RS-4295,Barbara Okonkwo,555-396-4432,,,en,N,N,N,2023-09-19
RS-4296,Amara Carver,555-648-5377,,amara.carver@example.net,vi,N,N,N,2025-11-02
RS-4297,Daniel Zamora,555-303-1362,,,en,N,N,N,2024-01-17
RS-4298,Karen Vance,555-446-3505,,karen.vance@example.net,en,N,N,N,2024-08-18
RS-4299,Ahmed Zamora,,,,en,N,N,N,2025-11-11
RS-4300,Barbara Nakamura,555-700-8028,,barbara.nakamura@example.net,en,N,N,N,2024-11-25
RS-4301,Rosa Bennett,,555-232-5955,rosa.bennett@example.net,en,N,N,N,2024-05-30
RS-4302,Sarah Okonkwo,555-355-9750,,sarah.okonkwo@example.net,en,Y,N,N,2025-03-08
RS-4303,Karen Hollis,555-533-7135,,,en,N,N,N,2025-11-21
RS-4304,Jessica Carver,555-527-4441,,,en,N,N,N,2023-10-08
RS-4305,Luis Fowler,555-507-1517,,luis.fowler@example.net,en,Y,N,N,2024-08-12
RS-4306,Elena Crowley,555-304-2667,555-243-3357,elena.crowley@example.net,es,N,N,N,2025-11-05
RS-4307,Nadia Crowley,555-813-3764,,,en,N,N,N,2025-12-09
RS-4308,Amara Ellery,555-244-8156,,amara.ellery@example.net,en,N,N,N,2024-04-13
RS-4309,Luis Silva,555-409-6563,,luis.silva@example.net,en,Y,N,N,2024-08-16
RS-4310,Nadia Okonkwo,555-638-3272,555-234-3726,,en,N,N,N,2023-09-26
RS-4311,Ahmed Whitlock,555-888-8216,,ahmed.whitlock@example.net,en,N,N,N,2024-05-16
RS-4312,Elizabeth Chen,555-642-1587,,,en,N,N,N,2024-08-21
RS-4313,Grace Kessler,555-338-2720,555-230-8178,grace.kessler@example.net,en,N,N,N,2024-01-01
RS-4314,Robert Ellery,555-612-8837,,,en,N,N,N,2025-12-08
RS-4315,Ahmed Fowler,555-503-6917,,,en,N,N,N,2024-10-21
RS-4316,David Crowley,555-425-2871,,david.crowley@example.net,es,N,N,N,2024-01-25
RS-4317,Tomas Vance,555-792-6099,,tomas.vance@example.net,en,Y,N,N,2025-09-30
RS-4318,Fatima Nguyen,555-615-4474,,,zh,N,N,N,2024-09-29
RS-4319,Thomas Abdi,,555-244-9378,thomas.abdi@example.net,en,N,N,N,2024-12-27
RS-4320,Elena Fowler,555-381-5897,555-249-7191,elena.fowler@example.net,en,Y,N,N,2025-12-01
RS-4321,William Crowley,,555-205-6018,,vi,N,N,N,2024-06-15
RS-4322,David Jennings,555-617-1793,,,en,N,N,N,2024-04-13
RS-4323,Susan Delgado,,555-230-6742,susan.delgado@example.net,en,N,N,N,2023-10-19
RS-4324,Hieu Marsh,555-764-9778,,hieu.marsh@example.net,en,N,N,N,2023-10-16
RS-4325,Amara Grady,555-548-3236,,amara.grady@example.net,en,Y,N,N,2024-05-05
RS-4326,David Whitlock,555-720-5027,,,en,Y,N,N,2024-07-03
RS-4327,Fatima Ellery,555-789-4072,555-200-7800,fatima.ellery@example.net,en,N,N,N,2024-07-17
RS-4328,Grace Iverson,555-545-3270,,,en,N,N,N,2025-09-02
RS-4329,Jessica Carver,555-366-9522,555-218-3159,jessica.carver@example.net,en,N,N,N,2025-06-22
RS-4330,Ivan Nguyen,555-418-5950,555-215-4537,ivan.nguyen@example.net,es,N,N,N,2023-09-25
RS-4331,Elena Abdi,555-540-3505,555-240-2515,,en,N,N,N,2024-11-06
RS-4332,Hieu Rasmussen,555-742-1035,,hieu.rasmussen@example.net,en,N,N,N,2023-10-10
RS-4333,Priya Ellery,555-793-2381,,priya.ellery@example.net,en,N,N,N,2023-12-02
RS-4334,Hieu Silva,555-636-7922,,hieu.silva@example.net,ru,N,N,N,2024-08-02
RS-4335,Jessica Grady,555-350-8205,,jessica.grady@example.net,en,N,Y,N,2025-07-25
RS-4336,Grace Petrov,555-807-2408,,grace.petrov@example.net,en,N,N,N,2023-11-11
RS-4337,William Whitlock,555-429-4528,,william.whitlock@example.net,en,N,N,N,2024-01-14
RS-4338,Elizabeth Thorne,555-469-8018,,,en,N,N,N,2024-05-29
RS-4339,Priya Hollis,555-540-3505,,,so,N,N,N,2025-10-12
RS-4340,Ivan Chen,555-651-7097,555-206-5527,,en,N,Y,N,2025-12-12
RS-4341,Patricia Thorne,555-768-5553,555-210-4543,,en,N,N,N,2025-07-28
RS-4342,Luis Carver,555-350-8694,,,en,Y,N,N,2024-05-25
RS-4343,Ivan Crowley,555-628-8941,,ivan.crowley@example.net,en,N,N,N,2025-05-29
RS-4344,Michael Nakamura,555-209-4519,,,es,N,N,N,2025-08-07
RS-4345,Priya Whitlock,555-789-8054,,priya.whitlock@example.net,vi,N,N,N,2025-11-09
RS-4346,Michael Petrov,555-215-2601,,,en,N,N,N,2025-07-30
RS-4347,Sarah Marsh,555-583-4953,,sarah.marsh@example.net,en,N,N,N,2024-06-27
RS-4348,Jessica Carver,555-594-3774,,,so,N,N,N,2026-02-03
RS-4349,Thomas Kessler,555-594-3774,,thomas.kessler@example.net,es,N,N,N,2023-10-19
RS-4350,Karen Rasmussen,555-867-9866,555-229-3354,karen.rasmussen@example.net,en,N,N,N,2024-03-15
RS-4351,Jessica Petrov,555-466-8410,,jessica.petrov@example.net,en,N,N,Y,2024-09-21
RS-4352,Grace Nguyen,555-209-4337,555-215-9224,,so,N,N,N,2025-10-24
RS-4353,Mei Nguyen,555-874-6246,,mei.nguyen@example.net,en,N,N,N,2024-09-07
RS-4354,Elena Marsh,555-635-3670,555-200-9026,elena.marsh@example.net,en,N,Y,N,2025-10-09
RS-4355,Ivan Rasmussen,555-627-6240,,ivan.rasmussen@example.net,en,N,N,N,2025-05-23
RS-4356,Thomas Zamora,555-864-8251,555-201-3250,thomas.zamora@example.net,en,N,N,N,2025-07-28
RS-4357,Joseph Fowler,555-317-3931,,joseph.fowler@example.net,en,N,N,N,2024-08-01
RS-4358,Nadia Delgado,555-584-8265,555-237-4071,,zh,N,N,N,2025-08-12
RS-4359,Ahmed Hollis,555-698-2934,,,en,N,N,N,2025-09-23
RS-4360,Thomas Abdi,555-464-7062,555-202-5367,thomas.abdi@example.net,en,N,N,N,2024-09-13
RS-4361,Jessica Fowler,555-711-9363,,jessica.fowler@example.net,en,N,N,Y,2024-04-02
RS-4362,Elizabeth Whitlock,555-468-7964,,elizabeth.whitlock@example.net,en,N,N,N,2024-01-09
RS-4363,Susan Carver,555-489-9623,555-242-1716,susan.carver@example.net,en,Y,N,N,2023-11-22
RS-4364,Karen Thorne,555-683-6580,555-214-8682,karen.thorne@example.net,en,N,N,N,2024-09-11
RS-4365,Daniel Jennings,555-775-9467,555-249-5448,daniel.jennings@example.net,ru,N,N,N,2024-07-01
RS-4366,Fatima Iverson,555-650-5404,555-238-1177,,en,N,N,N,2025-10-24
RS-4367,Robert Fowler,555-226-2468,555-245-6047,robert.fowler@example.net,vi,N,N,N,2026-01-04
RS-4368,Jessica Bennett,,555-215-5753,jessica.bennett@example.net,en,N,N,N,2024-12-14
RS-4369,Robert Bennett,555-317-9475,,robert.bennett@example.net,en,N,N,N,2024-06-03
RS-4370,Grace Carver,555-349-8057,,,en,N,Y,N,2024-10-27
RS-4371,Maria Iverson,555-337-8067,,,en,N,N,N,2025-06-29
RS-4372,Ivan Ellery,555-234-9727,,,en,N,N,N,2024-05-18
RS-4373,Fatima Ashford,,555-211-7453,fatima.ashford@example.net,en,N,N,N,2024-04-26
RS-4374,Kofi Silva,,555-249-2526,kofi.silva@example.net,en,N,N,N,2025-09-06
RS-4375,Elizabeth Ellery,555-871-3418,555-204-2276,,en,N,N,N,2025-07-25
RS-4376,Daniel Whitlock,555-643-8490,,,en,N,N,N,2024-01-05
RS-4377,Fatima Nakamura,555-762-2865,,,en,Y,N,N,2024-04-25
RS-4378,Joseph Marsh,555-811-3006,,,en,N,N,N,2023-12-06
RS-4379,Barbara Kessler,555-515-9546,,barbara.kessler@example.net,en,N,N,N,2024-05-27
RS-4380,Patricia Hollis,555-466-9281,,patricia.hollis@example.net,so,N,N,N,2025-04-07
RS-4381,Luis Ashford,555-536-2919,,luis.ashford@example.net,en,N,N,N,2025-03-14
RS-4382,Elizabeth Carver,555-304-4846,,,en,N,N,N,2024-08-22
RS-4383,Ivan Chen,555-213-6618,,ivan.chen@example.net,en,N,N,N,2026-01-20
RS-4384,Rosa Okonkwo,555-343-1335,,rosa.okonkwo@example.net,en,Y,N,N,2024-08-12
RS-4385,Kofi Marsh,555-612-1771,,kofi.marsh@example.net,en,Y,N,N,2024-04-24
RS-4386,Ahmed Ellery,555-793-2381,555-202-6035,ahmed.ellery@example.net,en,N,N,N,2025-07-22
RS-4387,Kofi Nakamura,555-874-8668,555-244-8275,kofi.nakamura@example.net,en,N,N,N,2025-08-30
RS-4388,Elizabeth Hollis,555-619-4923,,,en,N,N,N,2024-07-28
RS-4389,Maria Carver,555-853-4426,555-214-4087,,en,N,N,N,2024-08-13
RS-4390,Kofi Vance,555-559-5485,,,es,N,N,N,2023-10-10
RS-4391,William Nakamura,555-777-6038,,william.nakamura@example.net,en,N,N,N,2025-12-24
RS-4392,Amara Grady,555-793-5596,,amara.grady@example.net,en,N,N,N,2025-03-05
RS-4393,Mei Rasmussen,555-879-3929,,,en,N,N,N,2024-09-14
RS-4394,Robert Vance,,,,en,N,N,N,2024-09-09
RS-4395,Linda Grady,555-373-2792,,linda.grady@example.net,en,N,N,N,2024-08-10
RS-4396,Linda Nakamura,555-642-2451,555-202-5305,,so,N,N,N,2025-09-10
RS-4397,Ahmed Carver,555-896-8785,,ahmed.carver@example.net,en,N,N,N,2024-09-06
RS-4398,Sarah Nakamura,555-496-2263,,sarah.nakamura@example.net,en,N,Y,N,2024-06-18
RS-4399,Elena Carver,555-415-4988,,elena.carver@example.net,en,N,N,N,2024-01-14
RS-4400,Elizabeth Thorne,555-896-8785,,elizabeth.thorne@example.net,en,N,N,N,2025-06-09
RS-4401,Daniel Kessler,555-314-4782,555-233-7631,,en,Y,N,N,2024-11-10
RS-4402,Mei Thorne,555-746-1983,,,vi,N,N,N,2025-10-08
RS-4403,David Chen,555-469-8018,,david.chen@example.net,en,N,N,N,2025-02-04
RS-4404,Linda Thorne,555-858-2792,,linda.thorne@example.net,en,N,N,N,2024-09-13
RS-4405,Tomas Whitlock,555-638-3658,,,en,N,N,N,2024-08-06
RS-4406,Joseph Ellery,555-894-9323,555-227-6266,joseph.ellery@example.net,en,N,N,N,2025-03-27
RS-4407,Nadia Zamora,555-703-3089,,,en,N,Y,N,2024-12-23
RS-4408,Fatima Okonkwo,555-878-8489,555-235-9613,fatima.okonkwo@example.net,es,N,N,N,2024-09-01
RS-4409,Nadia Silva,555-415-1212,555-248-3052,,en,N,Y,N,2024-07-10
RS-4410,Hieu Rasmussen,555-343-6880,555-230-1659,,es,N,N,N,2024-10-17
RS-4411,Ahmed Jennings,555-538-1615,555-224-2947,ahmed.jennings@example.net,ru,N,N,N,2024-07-21
RS-4412,Grace Rasmussen,555-415-4988,555-202-5656,,en,N,N,N,2024-03-31
RS-4413,Karen Nakamura,555-242-1905,,karen.nakamura@example.net,en,N,N,N,2025-08-27
RS-4414,Ahmed Thorne,555-534-9359,,ahmed.thorne@example.net,en,Y,N,N,2024-10-02
RS-4415,Tomas Thorne,555-467-7646,,tomas.thorne@example.net,en,N,N,N,2024-02-02
RS-4416,Fatima Carver,555-339-7249,555-238-6254,,vi,Y,N,N,2023-10-06
RS-4417,Ivan Grady,555-673-6306,,ivan.grady@example.net,vi,N,N,N,2025-06-20
RS-4418,Tomas Petrov,555-798-6095,,tomas.petrov@example.net,es,N,N,N,2025-08-22
RS-4419,Susan Grady,555-813-2341,555-245-8600,susan.grady@example.net,so,N,N,N,2025-03-13
RS-4420,Michael Ellery,555-407-4392,,michael.ellery@example.net,en,N,N,N,2025-07-03
RS-4421,Patricia Vance,555-480-1908,555-247-6062,patricia.vance@example.net,en,Y,Y,Y,2023-11-15
RS-4422,Linda Chen,555-441-9001,,linda.chen@example.net,en,N,N,Y,2024-08-06
RS-4423,Mei Okonkwo,555-479-3720,,mei.okonkwo@example.net,en,N,N,N,2025-05-11
RS-4424,Hieu Nakamura,555-542-8684,,hieu.nakamura@example.net,en,N,N,Y,2023-11-19
RS-4425,Tomas Jennings,555-700-8028,,tomas.jennings@example.net,en,N,N,N,2025-02-13
RS-4426,Sarah Whitlock,555-655-1436,,,vi,N,N,N,2024-11-13
RS-4427,Linda Hollis,555-776-4226,555-235-5165,linda.hollis@example.net,en,Y,Y,Y,2025-10-30
RS-4428,Daniel Petrov,555-610-5712,,daniel.petrov@example.net,es,Y,N,N,2024-11-10
RS-4429,Nadia Vance,555-719-5353,,nadia.vance@example.net,es,N,N,N,2023-11-24
RS-4430,Karen Whitlock,555-679-9023,,karen.whitlock@example.net,zh,N,N,N,2024-08-19
RS-4431,Elena Vance,555-223-3815,,elena.vance@example.net,es,N,N,N,2025-08-11
RS-4432,Joseph Fowler,555-568-6711,,joseph.fowler@example.net,en,N,N,N,2025-10-13
RS-4433,Maria Zamora,555-889-7973,555-207-4212,,en,N,N,N,2025-08-12
RS-4434,Maria Whitlock,555-809-6322,,maria.whitlock@example.net,en,N,N,N,2025-06-07
RS-4435,Robert Rasmussen,555-876-7544,555-241-8957,,es,N,N,N,2024-03-08
RS-4436,Nadia Nakamura,555-787-1979,555-207-9141,,en,N,N,N,2025-09-17
RS-4437,Sarah Ashford,555-889-7416,,,en,N,N,N,2025-09-28
RS-4438,Elizabeth Bennett,,,,en,N,N,N,2025-12-10
RS-4439,Robert Delgado,555-792-8142,,,en,N,N,N,2024-08-04
RS-4440,Patricia Marsh,555-505-8511,,,en,N,N,N,2025-12-04
RS-4441,Amara Okonkwo,555-795-7678,,amara.okonkwo@example.net,en,N,N,Y,2026-01-20
RS-4442,Sarah Grady,555-562-9289,,sarah.grady@example.net,en,N,Y,N,2025-02-17
RS-4443,Jessica Petrov,555-700-8028,555-227-8142,,en,N,N,N,2025-02-25
RS-4444,Rosa Vance,555-540-3505,555-231-3703,rosa.vance@example.net,en,N,N,N,2024-01-01
RS-4445,Elizabeth Nguyen,,555-245-2692,,en,N,N,N,2025-04-17
RS-4446,Maria Kessler,555-490-2564,555-211-6572,,en,N,N,N,2025-07-04
RS-4447,Michael Fowler,555-489-1986,555-210-9935,michael.fowler@example.net,zh,N,N,N,2026-01-17
RS-4448,Rosa Chen,555-677-5914,555-206-7335,,en,N,N,Y,2025-06-27
RS-4449,Priya Fowler,555-717-3948,,priya.fowler@example.net,en,N,N,Y,2024-07-08
RS-4450,Robert Carver,555-389-3189,,robert.carver@example.net,en,N,N,N,2024-09-15
RS-4451,Nadia Delgado,555-407-3446,,nadia.delgado@example.net,en,N,N,N,2025-04-24
RS-4452,Mei Chen,555-672-4267,,mei.chen@example.net,es,N,N,N,2025-08-15
RS-4453,Susan Grady,555-693-6564,,,en,N,N,N,2024-05-22
RS-4454,Elizabeth Nguyen,555-511-7399,,,en,N,N,N,2024-08-01
RS-4455,Jessica Ellery,555-377-3378,,,en,Y,Y,Y,2023-10-19
RS-4456,Kofi Whitlock,555-576-6014,555-246-9940,kofi.whitlock@example.net,en,N,N,N,2023-11-13
RS-4457,Maria Carver,555-850-9736,,maria.carver@example.net,en,N,N,N,2025-11-24
RS-4458,Elena Rasmussen,555-680-9663,555-240-9986,elena.rasmussen@example.net,en,N,N,N,2024-05-16
RS-4459,Grace Nakamura,555-361-2842,,,en,N,N,N,2025-06-11
RS-4460,Joseph Nakamura,555-466-2727,555-236-2980,joseph.nakamura@example.net,es,N,N,N,2024-03-25
RS-4461,Patricia Fowler,555-553-6476,,patricia.fowler@example.net,en,N,N,N,2025-06-19
RS-4462,Hieu Kessler,555-301-4074,,hieu.kessler@example.net,en,N,N,N,2025-08-28
RS-4463,Robert Bennett,555-361-2918,,,en,N,N,N,2026-01-14
RS-4464,Susan Ashford,555-594-8416,,susan.ashford@example.net,en,N,N,N,2025-03-07
RS-4465,Hieu Petrov,555-242-9370,,hieu.petrov@example.net,en,N,N,N,2025-08-31
RS-4466,Grace Nguyen,,555-245-7831,,en,N,N,N,2023-09-15
RS-4467,Karen Carver,555-667-6249,555-225-2386,karen.carver@example.net,zh,Y,N,N,2024-12-11
RS-4468,Grace Ellery,555-509-7481,,grace.ellery@example.net,en,N,N,N,2025-06-30
RS-4469,Grace Kessler,555-364-5985,555-241-7988,,en,N,N,N,2024-02-21
RS-4470,Susan Thorne,555-535-2371,555-232-1837,,en,N,N,N,2025-02-22
RS-4471,Jessica Okonkwo,555-782-2414,555-227-4296,jessica.okonkwo@example.net,es,N,N,N,2024-09-06
RS-4472,Sarah Fowler,555-509-3392,,,en,Y,N,N,2024-04-15
RS-4473,Tomas Hollis,555-798-8703,555-213-5931,,en,N,Y,N,2025-07-04
RS-4474,Mei Ashford,555-341-9926,,mei.ashford@example.net,ru,N,N,N,2024-11-04
RS-4475,Jessica Nakamura,555-473-6916,,,en,N,N,N,2025-06-22
RS-4476,Patricia Jennings,555-624-5595,,,en,N,N,N,2025-01-21
RS-4477,Grace Marsh,,555-205-4124,grace.marsh@example.net,en,N,N,N,2025-10-13
RS-4478,Priya Chen,555-684-3042,,priya.chen@example.net,en,N,N,N,2025-04-18
RS-4479,Patricia Iverson,555-451-4785,,,en,N,N,N,2024-11-01
RS-4480,Robert Zamora,555-426-8288,,,en,N,N,N,2025-10-16
RS-4481,Rosa Thorne,555-872-7830,555-211-1863,rosa.thorne@example.net,en,N,N,N,2024-12-04
RS-4482,Elena Abdi,555-721-5387,,elena.abdi@example.net,en,N,Y,N,2025-08-05
RS-4483,Grace Iverson,555-585-6802,555-220-2853,,en,N,Y,N,2025-07-18
RS-4484,Robert Ashford,555-721-8261,555-244-8057,robert.ashford@example.net,so,Y,N,N,2023-09-26
RS-4485,Michael Grady,555-785-5021,555-216-2504,,zh,N,N,N,2023-09-17
RS-4486,Kofi Hollis,555-401-3762,,kofi.hollis@example.net,en,N,N,N,2023-12-22
RS-4487,Susan Thorne,,555-215-4783,susan.thorne@example.net,vi,N,N,N,2024-09-02
RS-4488,Luis Rasmussen,555-785-7567,555-208-2282,luis.rasmussen@example.net,en,N,N,N,2024-05-07
RS-4489,Grace Zamora,555-447-5452,,grace.zamora@example.net,en,N,N,N,2025-02-07
RS-4490,Robert Ellery,555-827-2292,,,zh,N,N,N,2025-09-12
RS-4491,Ivan Fowler,555-872-7477,,,en,Y,N,N,2023-10-26
RS-4492,Jessica Petrov,555-449-2118,,jessica.petrov@example.net,zh,N,N,N,2024-01-01
RS-4493,Luis Nakamura,555-515-7104,555-236-4103,luis.nakamura@example.net,en,N,N,N,2024-07-11
RS-4494,Priya Abdi,555-583-4020,555-245-1945,,en,N,N,N,2025-12-24
RS-4495,Priya Ellery,555-819-9386,555-225-1113,priya.ellery@example.net,en,Y,N,N,2025-07-28
RS-4496,Sarah Ashford,555-392-3876,,,vi,N,Y,N,2025-01-20
RS-4497,Linda Marsh,555-783-8824,,,es,N,N,N,2024-09-18
RS-4498,Priya Iverson,555-752-2814,555-233-3902,priya.iverson@example.net,so,N,N,N,2024-02-05
RS-4499,Susan Hollis,555-826-1012,,susan.hollis@example.net,zh,N,N,N,2025-04-22
RS-4500,Ivan Rasmussen,555-462-3086,555-230-2008,,es,N,N,N,2024-05-19
RS-4501,Maria Vance,555-387-2348,,maria.vance@example.net,en,N,N,N,2024-03-01
RS-4502,Barbara Vance,555-741-7740,,,en,Y,Y,Y,2026-01-21
RS-4503,Susan Bennett,555-538-1615,,,en,N,N,N,2024-05-13
RS-4504,Ahmed Grady,555-494-3200,,ahmed.grady@example.net,en,N,N,N,2024-09-03
RS-4505,William Abdi,555-404-1949,555-216-7924,,en,N,N,N,2025-07-13
RS-4506,Patricia Jennings,555-558-4716,,patricia.jennings@example.net,en,N,N,N,2024-06-26
RS-4507,Fatima Okonkwo,555-832-3061,,fatima.okonkwo@example.net,en,N,N,N,2026-01-02
RS-4508,Nadia Petrov,555-826-1012,,,es,N,N,N,2023-10-27
RS-4509,Robert Iverson,,,,en,N,N,N,2023-12-31
RS-4510,Amara Nguyen,555-511-8923,,,es,N,N,N,2023-12-08
RS-4511,Susan Chen,,555-228-9265,,vi,N,N,N,2025-12-01
RS-4512,Barbara Vance,555-332-5819,,barbara.vance@example.net,en,Y,Y,Y,2024-06-20
RS-4513,Hieu Chen,,555-236-3387,hieu.chen@example.net,zh,N,N,N,2025-08-02
RS-4514,Sarah Ashford,555-764-9778,,,vi,N,N,N,2024-11-07
RS-4515,Patricia Petrov,555-674-8570,555-218-6963,,en,N,N,N,2024-11-15
RS-4516,Amara Nguyen,555-330-6946,,,en,Y,N,N,2025-12-25
RS-4517,Elena Crowley,,555-231-4777,elena.crowley@example.net,en,N,N,N,2025-09-10
RS-4518,Barbara Whitlock,555-848-9728,555-236-6088,,vi,N,N,N,2025-05-25
RS-4519,Jessica Marsh,555-827-9478,,jessica.marsh@example.net,en,N,N,N,2024-07-25
RS-4520,Amara Zamora,555-200-5483,,,en,N,N,N,2025-07-06
RS-4521,Robert Ashford,555-666-6761,555-235-4125,robert.ashford@example.net,en,Y,Y,Y,2025-12-02
RS-4522,Priya Hollis,555-351-1602,555-202-9027,priya.hollis@example.net,en,N,Y,N,2024-02-15
RS-4523,Linda Silva,555-491-9831,,linda.silva@example.net,en,N,N,N,2024-02-26
RS-4524,William Fowler,555-236-9814,555-238-6407,william.fowler@example.net,en,N,N,N,2025-04-22
RS-4525,Mei Abdi,,555-246-5528,,en,N,N,N,2024-08-21
RS-4526,Maria Nakamura,555-442-8811,,maria.nakamura@example.net,en,N,N,N,2025-01-30
RS-4527,Amara Rasmussen,555-598-5031,555-237-9361,amara.rasmussen@example.net,en,N,N,N,2024-11-29
RS-4528,David Thorne,,555-219-5473,,vi,N,N,N,2025-03-01
RS-4529,Ivan Thorne,555-858-4157,555-225-3552,,en,N,Y,N,2025-08-03
RS-4530,Kofi Crowley,555-216-9775,555-212-8557,,es,N,N,N,2024-05-18
RS-4531,Thomas Abdi,555-465-8923,,,en,N,N,N,2023-10-04
RS-4532,Karen Thorne,,555-239-8028,karen.thorne@example.net,en,N,N,N,2024-04-08
RS-4533,Tomas Bennett,,555-234-7851,,en,N,N,N,2024-02-04
RS-4534,Priya Rasmussen,555-899-3279,,priya.rasmussen@example.net,en,Y,N,N,2024-12-26
RS-4535,Thomas Nguyen,555-408-1236,555-217-4435,,en,N,N,N,2025-12-28
RS-4536,Elizabeth Petrov,555-305-2666,,elizabeth.petrov@example.net,en,N,N,N,2023-11-25
RS-4537,Daniel Carver,555-635-4097,,daniel.carver@example.net,en,N,N,N,2025-12-02
RS-4538,Grace Carver,555-610-3413,555-218-6927,,en,N,N,N,2023-12-12
RS-4539,Michael Thorne,555-894-7881,555-231-4324,,en,N,Y,N,2025-12-27
RS-4540,Susan Marsh,555-314-8026,,susan.marsh@example.net,en,N,N,N,2025-07-21
RS-4541,Maria Jennings,555-892-3689,,,en,N,N,N,2024-05-04
RS-4542,Joseph Grady,555-361-7937,,,en,N,N,N,2026-01-12
RS-4543,Patricia Ellery,,,,en,N,N,N,2024-06-07
RS-4544,David Zamora,555-238-2697,,,zh,N,N,N,2025-06-22
RS-4545,Hieu Carver,555-560-9424,,hieu.carver@example.net,en,N,N,N,2025-11-04
RS-4546,Grace Okonkwo,555-755-9450,,grace.okonkwo@example.net,en,N,N,N,2024-11-26
RS-4547,Amara Chen,555-736-8849,555-234-2715,,en,Y,N,N,2025-11-06
RS-4548,Priya Abdi,555-764-9778,555-202-4120,,en,N,N,N,2024-01-01
RS-4549,Mei Bennett,555-639-1816,,,vi,N,N,N,2023-09-25
RS-4550,Tomas Carver,555-504-9638,,tomas.carver@example.net,en,Y,N,N,2025-11-16
RS-4551,Sarah Bennett,555-437-7117,,sarah.bennett@example.net,ru,N,N,N,2024-05-01
RS-4552,Joseph Jennings,555-712-4294,,joseph.jennings@example.net,en,N,N,N,2024-04-16
RS-4553,Grace Kessler,555-439-1958,,,es,N,N,N,2024-12-31
RS-4554,Jessica Jennings,555-400-5670,555-247-8045,,en,N,N,N,2026-01-28
RS-4555,Mei Kessler,555-694-8075,555-248-5912,mei.kessler@example.net,en,N,N,N,2024-08-23
RS-4556,Elizabeth Ellery,555-787-5859,,elizabeth.ellery@example.net,es,N,N,N,2026-01-01
RS-4557,Ahmed Jennings,555-806-4303,,ahmed.jennings@example.net,en,N,N,N,2024-11-22
RS-4558,Elena Marsh,555-623-4136,555-229-5865,,vi,N,N,N,2023-10-22
RS-4559,Elena Chen,555-662-9791,555-203-6651,,en,N,N,N,2024-11-12
RS-4560,Hieu Petrov,555-484-6643,,hieu.petrov@example.net,en,N,N,N,2024-03-06
RS-4561,Karen Petrov,555-599-1474,555-217-4663,karen.petrov@example.net,en,Y,N,N,2024-05-16
RS-4562,Grace Ellery,555-588-2041,555-234-7575,grace.ellery@example.net,en,N,N,N,2024-11-10
RS-4563,Hieu Zamora,555-578-6120,,hieu.zamora@example.net,en,N,Y,N,2024-07-20
RS-4564,Thomas Delgado,555-425-3902,,thomas.delgado@example.net,en,N,N,Y,2025-06-08
RS-4565,Tomas Thorne,555-465-5014,,,en,N,N,N,2025-12-12
RS-4566,Maria Ellery,555-349-1013,555-245-9914,maria.ellery@example.net,en,N,N,N,2025-03-23
RS-4567,Elizabeth Zamora,,555-249-3578,elizabeth.zamora@example.net,en,N,N,N,2026-01-14
RS-4568,Elena Carver,555-475-1327,,elena.carver@example.net,en,N,N,N,2024-07-18
RS-4569,Grace Thorne,555-596-9927,,grace.thorne@example.net,en,N,N,N,2023-10-09
RS-4570,Kofi Jennings,555-660-5103,,kofi.jennings@example.net,es,N,N,N,2025-03-12
RS-4571,Amara Nguyen,555-757-9419,,amara.nguyen@example.net,en,N,N,N,2025-10-22
RS-4572,Nadia Whitlock,555-723-1275,,nadia.whitlock@example.net,en,N,N,N,2025-12-01
RS-4573,Nadia Chen,555-636-7737,555-227-7227,nadia.chen@example.net,en,Y,N,N,2025-08-18
RS-4574,William Chen,555-547-5472,,,en,N,N,N,2024-05-06
RS-4575,Karen Delgado,555-396-2051,555-201-7705,karen.delgado@example.net,es,N,N,N,2023-11-24
RS-4576,Karen Grady,555-846-5896,,,en,N,N,Y,2025-09-27
RS-4577,Kofi Silva,555-615-5969,,kofi.silva@example.net,en,N,N,N,2024-01-19
RS-4578,Nadia Carver,555-317-7881,,nadia.carver@example.net,ru,N,N,N,2025-05-10
RS-4579,Luis Nguyen,555-844-6471,,,en,N,Y,N,2024-04-10
RS-4580,Patricia Nakamura,555-353-5167,555-201-6409,,en,N,N,N,2023-12-23
RS-4581,Linda Petrov,555-240-5680,,linda.petrov@example.net,en,N,N,N,2025-04-13
RS-4582,Robert Thorne,555-467-7646,,,en,N,N,N,2025-02-18
RS-4583,Robert Iverson,555-742-1035,555-201-6357,robert.iverson@example.net,en,N,N,N,2026-01-26
RS-4584,Sarah Ellery,,,,es,N,N,N,2023-09-21
RS-4585,Daniel Abdi,555-607-7032,,,vi,N,N,N,2023-12-23
RS-4586,Luis Chen,555-832-4211,555-225-4883,luis.chen@example.net,en,N,N,Y,2025-03-22
RS-4587,Elena Silva,555-452-1962,555-248-6688,,en,N,N,N,2025-02-23
RS-4588,Amara Iverson,555-347-2646,,amara.iverson@example.net,so,N,N,N,2025-10-18
RS-4589,Rosa Ellery,555-421-7053,555-220-6400,,en,N,N,N,2025-06-03
RS-4590,Tomas Abdi,555-486-7359,,tomas.abdi@example.net,en,N,N,Y,2025-04-26
RS-4591,Daniel Hollis,555-771-9411,,,en,N,N,N,2024-07-31
RS-4592,Karen Nguyen,555-611-9972,,karen.nguyen@example.net,es,N,N,N,2024-03-15
RS-4593,Thomas Crowley,555-758-9739,,,en,N,N,Y,2023-10-28
RS-4594,Kofi Marsh,555-429-5317,,kofi.marsh@example.net,es,N,N,N,2025-05-25
RS-4595,Jessica Ellery,555-827-5829,,,en,N,Y,N,2024-12-17
RS-4596,Linda Grady,,555-220-5234,,en,N,N,N,2024-01-16
RS-4597,Amara Rasmussen,,555-244-1837,amara.rasmussen@example.net,es,N,N,N,2025-04-07
RS-4598,Ahmed Ashford,555-802-5338,,ahmed.ashford@example.net,so,N,N,N,2025-12-12
RS-4599,Sarah Vance,555-464-3230,555-221-7618,,en,N,N,Y,2025-02-17
RS-4600,Robert Abdi,555-755-1617,,robert.abdi@example.net,en,N,N,N,2025-01-24
RS-4601,Sarah Okonkwo,555-794-1087,,sarah.okonkwo@example.net,en,N,N,N,2025-05-21
RS-4602,William Nguyen,555-669-1681,555-241-8105,william.nguyen@example.net,en,N,N,N,2025-06-07
RS-4603,Daniel Grady,555-243-3747,,daniel.grady@example.net,en,N,N,N,2025-11-07
RS-4604,Tomas Kessler,555-604-1997,555-200-8194,,en,N,N,N,2025-12-12
RS-4605,Hieu Jennings,555-228-3797,555-202-8023,hieu.jennings@example.net,zh,N,N,N,2024-06-20
RS-4606,Grace Hollis,555-739-8655,,,en,N,N,N,2023-12-05
RS-4607,Linda Nguyen,555-304-5116,555-233-3769,linda.nguyen@example.net,en,N,N,N,2024-07-13
RS-4608,William Hollis,555-245-9413,,william.hollis@example.net,en,N,N,N,2025-11-29
RS-4609,Fatima Silva,555-388-2270,555-215-7918,fatima.silva@example.net,zh,N,N,N,2024-09-15
RS-4610,Thomas Marsh,555-378-5230,,thomas.marsh@example.net,es,N,N,N,2025-07-25
RS-4611,Daniel Crowley,555-642-1457,,daniel.crowley@example.net,en,N,N,N,2024-06-02
RS-4612,Fatima Fowler,555-720-2342,,,so,N,N,N,2024-06-28
RS-4613,Mei Nguyen,555-479-1551,,,en,N,N,N,2023-12-29
RS-4614,Elena Crowley,555-564-8321,,elena.crowley@example.net,en,N,N,N,2024-04-04
RS-4615,David Iverson,555-650-8970,,david.iverson@example.net,en,N,Y,N,2024-08-24
RS-4616,Priya Rasmussen,555-663-4012,,priya.rasmussen@example.net,en,N,Y,N,2025-06-30
RS-4617,William Hollis,555-656-8387,,william.hollis@example.net,en,N,N,N,2023-10-15
RS-4618,Jessica Abdi,555-467-7201,555-227-5916,jessica.abdi@example.net,en,N,N,N,2024-04-30
RS-4619,Robert Delgado,555-638-3511,,robert.delgado@example.net,en,N,Y,N,2024-10-31
NEW_USER,Test User,9791148594,,,en,N,N,N,2026-08-22

RS-9999,Test User,9791148594,,,en,N,N,N,2026-08-01
